subreddit,hour,post_count,avg_score
airpods,0,6425,2.712373540856031
airpods,1,5999,2.680280046674446
airpods,2,5800,2.7805172413793104
airpods,3,5400,2.7696296296296294
airpods,4,5038,2.702262802699484
airpods,5,4767,2.315712187958884
airpods,6,4687,2.5820354171111584
airpods,7,4292,2.7197110904007458
airpods,8,4295,2.5124563445867287
airpods,9,4199,2.287687544653489
airpods,10,4486,3.1531431119037006
airpods,11,5138,3.250875827170105
airpods,12,5576,3.4262912482065997
airpods,13,6295,2.990945194598888
airpods,14,7046,3.503973885892705
airpods,15,7160,3.0448324022346367
airpods,16,7304,2.7027656078860898
airpods,17,7698,2.9171213302156405
airpods,18,8055,3.2284295468653013
airpods,19,8128,3.2162893700787403
airpods,20,8247,2.96192554868437
airpods,21,7754,2.3751612071189063
airpods,22,7036,2.313956793632746
airpods,23,6455,2.7972114639814096
audio,0,2210,1.1895927601809955
audio,1,2061,1.163512857836002
audio,2,2081,1.2104757328207592
audio,3,1729,1.1746674378253326
audio,4,1516,1.170844327176781
audio,5,1287,1.1693861693861693
audio,6,1314,1.1461187214611872
audio,7,1287,1.1297591297591298
audio,8,1327,1.1499623210248682
audio,9,1442,1.1560332871012482
audio,10,1667,1.152369526094781
audio,11,1881,1.1414141414141414
audio,12,2066,1.1999031945788965
audio,13,2334,1.2176520994001714
audio,14,2490,1.225301204819277
audio,15,2696,1.181379821958457
audio,16,2840,1.152112676056338
audio,17,2754,1.1844589687726943
audio,18,2801,1.1760085683684398
audio,19,2901,1.188210961737332
audio,20,2981,1.1949010399194901
audio,21,2850,1.154736842105263
audio,22,2539,1.1784166994879874
audio,23,2278,1.1861281826163301
audiophile,0,16794,2.8258306538049305
audiophile,1,16151,2.8664478979629746
audiophile,2,15283,3.1078976640711904
audiophile,3,13471,2.8766238586593422
audiophile,4,11451,3.0976333944633656
audiophile,5,9625,2.870337662337662
audiophile,6,8502,2.91237355916255
audiophile,7,7807,3.008710131932881
audiophile,8,7110,2.5736990154711674
audiophile,9,7081,3.0481570399661067
audiophile,10,7967,3.7366637379189154
audiophile,11,9839,3.263746315682488
audiophile,12,12785,3.0474775127102074
audiophile,13,15569,3.0571006487250303
audiophile,14,17510,3.471387778412336
audiophile,15,18913,3.1617406017025327
audiophile,16,19184,2.9640325271059216
audiophile,17,20066,2.902372171832951
audiophile,18,20035,2.9760918392812576
audiophile,19,19565,2.970304114490161
audiophile,20,19455,3.0591621691081983
audiophile,21,18838,3.094065187387196
audiophile,22,18175,2.8794497936726273
audiophile,23,17168,2.8750582479030755
bose,0,2280,1.2916666666666667
bose,1,2189,1.2439470077661032
bose,2,2052,1.2675438596491229
bose,3,1953,1.2667690732206862
bose,4,1726,1.2659327925840094
bose,5,1591,1.3482086737900691
bose,6,1400,1.2707142857142857
bose,7,1406,1.305832147937411
bose,8,1481,1.2896691424713032
bose,9,1501,1.4450366422385077
bose,10,1534,1.2829204693611473
bose,11,1749,1.3104631217838765
bose,12,2023,1.3000494315373208
bose,13,2206,1.3490480507706255
bose,14,2537,1.3949546708711076
bose,15,2798,1.3920657612580414
bose,16,2760,1.3601449275362318
bose,17,2698,1.265011119347665
bose,18,2679,1.3105636431504293
bose,19,2795,1.2618962432915921
bose,20,2699,1.2860318636532049
bose,21,2723,1.300771208226221
bose,22,2500,1.29
bose,23,2464,1.3457792207792207
earbuds,0,2747,1.2526392428103386
earbuds,1,2891,1.2953995157384988
earbuds,2,2826,1.146142958244869
earbuds,3,2747,1.2096832908627593
earbuds,4,2431,1.2451665981077746
earbuds,5,2102,1.2835394862036156
earbuds,6,2268,1.2469135802469136
earbuds,7,2178,1.2222222222222223
earbuds,8,2197,1.2234865725989987
earbuds,9,2138,1.2039289055191769
earbuds,10,2085,1.2225419664268584
earbuds,11,2122,1.2115928369462772
earbuds,12,2186,1.1697163769441903
earbuds,13,2671,1.1886933732684388
earbuds,14,2926,1.4316473000683527
earbuds,15,2851,1.3328656611715188
earbuds,16,2933,1.2898056597340606
earbuds,17,3345,1.2582959641255604
earbuds,18,3190,1.2479623824451411
earbuds,19,3168,1.1988636363636365
earbuds,20,3061,1.2567788304475662
earbuds,21,2857,1.2443122156107806
earbuds,22,2840,1.3295774647887324
earbuds,23,2712,1.2157079646017699
headphones,0,16818,3.586692829111666
headphones,1,16307,3.387686269700129
headphones,2,15745,3.6093362972372183
headphones,3,14898,3.2313062155994094
headphones,4,14031,3.4539234552063287
headphones,5,13398,3.523436333781161
headphones,6,13008,3.979858548585486
headphones,7,13324,3.30606424497148
headphones,8,13262,3.0008294374905744
headphones,9,13044,3.0651640601042627
headphones,10,13339,3.601469375515406
headphones,11,14904,3.7019592055823938
headphones,12,16465,3.35177649559672
headphones,13,18484,3.30280242371781
headphones,14,20239,3.944266021048471
headphones,15,21438,3.2372889262058027
headphones,16,21742,3.4775549627449176
headphones,17,22421,3.851344721466482
headphones,18,22268,3.3959493443506377
headphones,19,21308,3.234418997559602
headphones,20,20827,3.599750324098526
headphones,21,20457,3.6669110817812975
headphones,22,19510,3.3319835981547925
headphones,23,18445,3.720357820547574
sony,0,1521,1.178172255095332
sony,1,1379,1.1588107324147934
sony,2,1395,1.1734767025089605
sony,3,1193,1.2606873428331937
sony,4,1099,1.2902638762511374
sony,5,1053,1.227920227920228
sony,6,1056,1.206439393939394
sony,7,1154,1.1637781629116117
sony,8,1049,1.1611058150619638
sony,9,1142,1.2644483362521892
sony,10,1224,1.1127450980392157
sony,11,1292,1.1455108359133126
sony,12,1452,1.1411845730027548
sony,13,1527,1.180746561886051
sony,14,1585,1.205678233438486
sony,15,1662,1.1823104693140793
sony,16,1823,1.1376851343938563
sony,17,1897,1.150764364786505
sony,18,1844,1.136117136659436
sony,19,2002,1.1138861138861138
sony,20,1956,1.2638036809815951
sony,21,1828,1.1580962800875274
sony,22,1737,1.2337363270005757
sony,23,1651,1.1514233797698366
technology,0,142042,12.092979541262444
technology,1,139340,11.289414382086981
technology,2,133703,11.621347314570354
technology,3,125356,10.740746354382718
technology,4,110482,8.623495229992216
technology,5,97243,8.764435486358915
technology,6,83976,8.999476040773555
technology,7,72203,7.814578341620154
technology,8,64620,9.677096874032808
technology,9,61536,8.908963858554342
technology,10,69086,10.128535448571347
technology,11,89131,12.102231546824337
technology,12,119432,13.500653091298814
technology,13,153673,12.987675128356965
technology,14,179872,12.55666807507561
technology,15,189869,11.559259278765886
technology,16,192249,11.24625355658547
technology,17,190201,10.54888249798897
technology,18,186584,10.796504523431805
technology,19,177075,10.60863475928279
technology,20,169531,10.799552884133286
technology,21,162196,11.297843350020962
technology,22,153839,11.632310402433713
technology,23,147018,12.379382116475533
