date,post_count,avg_score
2023-06-01,40,14.7
2023-06-02,30,3.6666666666666665
2023-06-03,29,0.9655172413793104
2023-06-04,31,9.419354838709678
2023-06-05,61,4.704918032786885
2023-06-06,69,8.231884057971014
2023-06-07,46,9.108695652173912
2023-06-08,45,1.9777777777777779
2023-06-09,26,4.8076923076923075
2023-06-10,35,8.457142857142857
2023-06-11,26,3.423076923076923
2023-06-12,29,2.5517241379310347
2023-06-13,47,3.148936170212766
2023-06-14,30,5.333333333333333
2023-06-15,47,4.25531914893617
2023-06-16,24,1.625
2023-06-17,47,2.3404255319148937
2023-06-18,26,7.846153846153846
2023-06-19,20,2.1
2023-06-20,25,2.72
2023-06-21,28,9.0
2023-06-22,28,3.5714285714285716
2023-06-23,24,10.916666666666666
2023-06-24,25,2.96
2023-06-25,33,1.6666666666666667
2023-06-26,44,1.75
2023-06-27,38,2.710526315789474
2023-06-28,31,3.129032258064516
2023-06-29,28,6.607142857142857
2023-06-30,33,2.212121212121212
2023-07-01,23,2.608695652173913
2023-07-02,46,2.0869565217391304
2023-07-03,37,2.027027027027027
2023-07-04,35,4.257142857142857
2023-07-05,26,2.5
2023-07-06,29,5.413793103448276
2023-07-07,29,1.6896551724137931
2023-07-08,27,2.7777777777777777
2023-07-09,25,2.76
2023-07-10,23,2.1739130434782608
2023-07-11,23,1.0
2023-07-12,39,1.0
2023-07-13,37,1.0810810810810811
2023-07-14,26,1.0
2023-07-15,34,1.0
2023-07-16,29,1.0
2023-07-17,37,1.0
2023-07-18,33,1.0
2023-07-19,31,1.0
2023-07-20,32,1.0
2023-07-21,37,1.0
2023-07-22,25,1.0
2023-07-23,36,1.0
2023-07-24,27,1.0
2023-07-25,26,1.0
2023-07-26,33,1.303030303030303
2023-07-27,23,1.0
2023-07-28,29,1.0
2023-07-29,27,1.0
2023-07-30,25,1.0
2023-07-31,29,1.0
2023-08-01,37,1.0
2023-08-02,37,1.0
2023-08-03,43,1.0
2023-08-04,30,1.0
2023-08-05,27,1.0
2023-08-06,54,1.0
2023-08-07,29,1.0
2023-08-08,38,1.0
2023-08-09,23,1.0
2023-08-10,26,1.0
2023-08-11,41,1.0
2023-08-12,48,1.0
2023-08-13,33,1.0
2023-08-14,33,1.0
2023-08-15,38,1.0
2023-08-16,26,1.0
2023-08-17,30,1.0
2023-08-18,42,1.0
2023-08-19,20,1.0
2023-08-20,33,1.0
2023-08-21,26,1.0
2023-08-22,52,1.0
2023-08-23,33,1.0
2023-08-24,32,1.0
2023-08-25,37,1.0
2023-08-26,34,1.0
2023-08-27,46,1.0
2023-08-28,43,1.0
2023-08-29,46,1.0
2023-08-30,69,1.0
2023-08-31,51,1.0
2023-09-01,33,1.0
2023-09-02,54,1.0
2023-09-03,51,1.0
2023-09-04,50,1.0
2023-09-05,42,1.0238095238095237
2023-09-06,38,1.0
2023-09-07,41,1.0
2023-09-08,45,1.0
2023-09-09,27,1.0
2023-09-10,31,1.0
2023-09-11,37,1.0
2023-09-12,111,1.045045045045045
2023-09-13,96,1.0
2023-09-14,88,1.0
2023-09-15,77,1.0
2023-09-16,71,1.0
2023-09-17,71,1.0
2023-09-18,98,1.0
2023-09-19,91,1.0
2023-09-20,80,1.0
2023-09-21,71,1.0
2023-09-22,77,1.0
2023-09-23,55,1.0
2023-09-24,58,1.0172413793103448
2023-09-25,66,1.0
2023-09-26,83,1.0
2023-09-27,76,1.0
2023-09-28,60,1.0
2023-09-29,57,1.0
2023-09-30,62,1.0
2023-10-01,43,1.0
2023-10-02,51,1.0
2023-10-03,56,1.0357142857142858
2023-10-04,65,2.830769230769231
2023-10-05,39,1.0
2023-10-06,39,1.0
2023-10-07,54,1.037037037037037
2023-10-08,49,1.1428571428571428
2023-10-09,79,1.0126582278481013
2023-10-10,96,8.583333333333334
2023-10-11,83,1.0602409638554218
2023-10-12,58,1.1724137931034482
2023-10-13,50,1.04
2023-10-14,48,1.0208333333333333
2023-10-15,60,1.0
2023-10-16,52,1.0
2023-10-17,44,1.0
2023-10-18,48,1.0416666666666667
2023-10-19,56,1.0
2023-10-20,51,1.0
2023-10-21,57,1.0
2023-10-22,41,1.0
2023-10-23,45,1.1111111111111112
2023-10-24,36,1.0
2023-10-25,58,1.0
2023-10-26,57,1.0350877192982457
2023-10-27,53,1.0566037735849056
2023-10-28,35,1.0
2023-10-29,48,1.0
2023-10-30,46,1.326086956521739
2023-10-31,52,1.0
2023-11-01,69,12.0
2023-11-02,54,3.0
2023-11-03,60,4.533333333333333
2023-11-04,60,4.583333333333333
2023-11-05,48,3.5208333333333335
2023-11-06,41,9.341463414634147
2023-11-07,51,24.529411764705884
2023-11-08,41,10.292682926829269
2023-11-09,48,1.75
2023-11-10,50,2.56
2023-11-11,49,2.36734693877551
2023-11-12,42,11.523809523809524
2023-11-13,77,3.909090909090909
2023-11-14,55,4.1454545454545455
2023-11-15,45,7.622222222222222
2023-11-16,39,1.3333333333333333
2023-11-17,40,1.575
2023-11-18,35,1.6
2023-11-19,34,3.5588235294117645
2023-11-20,66,1.7121212121212122
2023-11-21,65,1.6
2023-11-22,35,4.371428571428571
2023-11-23,75,9.733333333333333
2023-11-24,54,3.2962962962962963
2023-11-25,58,7.724137931034483
2023-11-26,38,2.3157894736842106
2023-11-27,38,18.736842105263158
2023-11-28,48,4.395833333333333
2023-11-29,44,2.1136363636363638
2023-11-30,45,16.177777777777777
2023-12-01,37,1.6486486486486487
2023-12-02,44,10.386363636363637
2023-12-03,38,2.8157894736842106
2023-12-04,29,48.03448275862069
2023-12-05,44,5.840909090909091
2023-12-06,57,9.807017543859649
2023-12-07,36,1.8888888888888888
2023-12-08,32,10.46875
2023-12-09,37,3.0
2023-12-10,45,1.2666666666666666
2023-12-11,45,1.5777777777777777
2023-12-12,35,3.4857142857142858
2023-12-13,45,61.48888888888889
2023-12-14,72,14.180555555555555
2023-12-15,52,1.9230769230769231
2023-12-16,39,1.9743589743589745
2023-12-17,45,20.77777777777778
2023-12-18,48,2.6875
2023-12-19,52,14.692307692307692
2023-12-20,59,2.8983050847457625
2023-12-21,45,2.8444444444444446
2023-12-22,72,7.069444444444445
2023-12-23,56,1.9107142857142858
2023-12-24,30,2.433333333333333
2023-12-25,49,3.6122448979591835
2023-12-26,44,6.590909090909091
2023-12-27,46,9.0
2023-12-28,62,3.935483870967742
2023-12-29,54,5.12962962962963
2023-12-30,66,1.4848484848484849
2023-12-31,40,21.4
2024-01-01,33,3.0606060606060606
2024-01-02,58,1.0344827586206897
2024-01-03,40,1.55
2024-01-04,51,9.647058823529411
2024-01-05,46,1.4782608695652173
2024-01-06,29,1.896551724137931
2024-01-07,40,4.375
2024-01-08,48,2.4791666666666665
2024-01-09,42,2.9523809523809526
2024-01-10,47,11.0
2024-01-11,47,4.808510638297872
2024-01-12,61,4.704918032786885
2024-01-13,36,3.75
2024-01-14,37,1.5675675675675675
2024-01-15,50,7.14
2024-01-16,63,2.0634920634920637
2024-01-17,67,2.8059701492537314
2024-01-18,66,2.9545454545454546
2024-01-19,50,14.0
2024-01-20,47,12.914893617021276
2024-01-21,67,5.402985074626866
2024-01-22,53,4.528301886792453
2024-01-23,66,4.787878787878788
2024-01-24,48,9.395833333333334
2024-01-25,56,1.2678571428571428
2024-01-26,59,2.6271186440677967
2024-01-27,42,4.333333333333333
2024-01-28,45,6.955555555555556
2024-01-29,38,7.5
2024-01-30,68,3.6029411764705883
2024-01-31,56,7.0
2024-02-01,28,2.7142857142857144
2024-02-02,46,3.108695652173913
2024-02-03,52,4.461538461538462
2024-02-04,43,2.8372093023255816
2024-02-05,48,3.25
2024-02-06,49,2.7755102040816326
2024-02-07,39,4.666666666666667
2024-02-08,57,1.5087719298245614
2024-02-09,59,4.593220338983051
2024-02-10,37,2.72972972972973
2024-02-11,26,1.4615384615384615
2024-02-12,58,4.741379310344827
2024-02-13,45,2.6666666666666665
2024-02-14,29,4.137931034482759
2024-02-15,40,8.725
2024-02-16,43,4.116279069767442
2024-02-17,22,2.8181818181818183
2024-02-18,46,8.173913043478262
2024-02-19,30,7.933333333333334
2024-02-20,50,1.9
2024-02-21,22,4.0
2024-02-22,34,1.7647058823529411
2024-02-23,39,3.2564102564102564
2024-02-24,31,3.4838709677419355
2024-02-25,32,15.28125
2024-02-26,35,7.6571428571428575
2024-02-27,30,9.8
2024-02-28,41,2.268292682926829
2024-02-29,30,2.5
2024-03-01,35,5.6571428571428575
2024-03-02,32,11.1875
2024-03-03,34,35.470588235294116
2024-03-04,60,8.7
2024-03-05,41,2.731707317073171
2024-03-06,39,2.2564102564102564
2024-03-07,29,0.7931034482758621
2024-03-08,41,1.9268292682926829
2024-03-09,39,1.3333333333333333
2024-03-10,28,1.1785714285714286
2024-03-11,52,5.076923076923077
2024-03-12,58,10.293103448275861
2024-03-13,42,1.3095238095238095
2024-03-14,42,3.6904761904761907
2024-03-15,43,3.5813953488372094
2024-03-16,42,6.142857142857143
2024-03-17,50,11.84
2024-03-18,48,3.2291666666666665
2024-03-19,63,1.507936507936508
2024-03-20,43,1.7209302325581395
2024-03-21,42,1.8095238095238095
2024-03-22,33,11.909090909090908
2024-03-23,36,2.7222222222222223
2024-03-24,34,2.1176470588235294
2024-03-25,33,4.484848484848484
2024-03-26,30,2.066666666666667
2024-03-27,28,1.2142857142857142
2024-03-28,34,2.4411764705882355
2024-03-29,19,4.7368421052631575
2024-03-30,33,1.393939393939394
2024-03-31,40,1.75
2024-04-01,27,1.8888888888888888
2024-04-02,37,4.351351351351352
2024-04-03,36,1.1111111111111112
2024-04-04,30,3.966666666666667
2024-04-05,38,1.8157894736842106
2024-04-06,35,1.8285714285714285
2024-04-07,39,1.9230769230769231
2024-04-08,46,3.652173913043478
2024-04-09,37,1.2432432432432432
2024-04-10,41,3.3902439024390243
2024-04-11,25,7.92
2024-04-12,24,1.5
2024-04-13,25,1.36
2024-04-14,30,4.333333333333333
2024-04-15,44,2.4545454545454546
2024-04-16,29,2.2413793103448274
2024-04-17,34,3.9705882352941178
2024-04-18,49,2.877551020408163
2024-04-19,27,1.0740740740740742
2024-04-20,31,4.935483870967742
2024-04-21,45,2.688888888888889
2024-04-22,42,2.0
2024-04-23,34,3.1176470588235294
2024-04-24,30,1.7666666666666666
2024-04-25,42,2.3333333333333335
2024-04-26,33,2.9393939393939394
2024-04-27,37,3.810810810810811
2024-04-28,42,2.1666666666666665
2024-04-29,42,1.9523809523809523
2024-04-30,44,3.477272727272727
2024-05-01,45,2.7555555555555555
2024-05-02,40,1.85
2024-05-03,36,1.8611111111111112
2024-05-04,28,5.392857142857143
2024-05-05,42,6.714285714285714
2024-05-06,68,5.661764705882353
2024-05-07,38,31.57894736842105
2024-05-08,32,4.34375
2024-05-09,37,2.8378378378378377
2024-05-10,41,8.341463414634147
2024-05-11,32,22.84375
2024-05-12,41,4.634146341463414
2024-05-13,33,1.393939393939394
2024-05-14,34,4.088235294117647
2024-05-15,34,3.088235294117647
2024-05-16,37,2.27027027027027
2024-05-17,18,1.5555555555555556
2024-05-18,21,6.095238095238095
2024-05-19,31,9.709677419354838
2024-05-20,35,4.371428571428571
2024-05-21,37,2.027027027027027
2024-05-22,45,7.822222222222222
2024-05-23,48,1.2916666666666667
2024-05-24,45,3.1333333333333333
2024-05-25,38,5.131578947368421
2024-05-26,27,1.7037037037037037
2024-05-27,27,1.3703703703703705
2024-05-28,36,49.111111111111114
2024-05-29,38,2.4210526315789473
2024-05-30,35,9.228571428571428
2024-05-31,46,1.826086956521739
2024-06-01,32,1.28125
2024-06-02,20,2.25
2024-06-03,30,1.2333333333333334
2024-06-04,31,4.516129032258065
2024-06-05,53,5.0
2024-06-06,40,1.575
2024-06-07,37,5.891891891891892
2024-06-08,34,5.794117647058823
2024-06-09,35,3.8857142857142857
2024-06-10,58,3.4827586206896552
2024-06-11,42,10.80952380952381
2024-06-12,63,3.238095238095238
2024-06-13,42,3.2142857142857144
2024-06-14,50,3.18
2024-06-15,47,3.404255319148936
2024-06-16,46,1.891304347826087
2024-06-17,26,5.115384615384615
2024-06-18,31,2.6451612903225805
2024-06-19,48,3.5208333333333335
2024-06-20,56,14.232142857142858
2024-06-21,34,6.117647058823529
2024-06-22,31,2.0
2024-06-23,37,2.6216216216216215
2024-06-24,58,6.155172413793103
2024-06-25,37,1.2972972972972974
2024-06-26,60,27.433333333333334
2024-06-27,32,4.1875
2024-06-28,36,1.2777777777777777
2024-06-29,37,3.2162162162162162
2024-06-30,39,3.5128205128205128
2024-07-01,36,2.3333333333333335
2024-07-02,28,1.0714285714285714
2024-07-03,29,12.413793103448276
2024-07-04,52,3.0576923076923075
2024-07-05,39,3.051282051282051
2024-07-06,41,2.268292682926829
2024-07-07,40,15.4
2024-07-08,51,10.176470588235293
2024-07-09,45,4.133333333333334
2024-07-10,39,1.3846153846153846
2024-07-11,41,2.0
2024-07-12,50,13.08
2024-07-13,47,11.914893617021276
2024-07-14,58,5.5
2024-07-15,53,2.547169811320755
2024-07-16,58,8.793103448275861
2024-07-17,63,1.6507936507936507
2024-07-18,75,3.8933333333333335
2024-07-19,69,2.0
2024-07-20,56,2.4464285714285716
2024-07-21,65,5.123076923076923
2024-07-22,26,1.3846153846153846
2024-07-23,38,2.6578947368421053
2024-07-24,34,4.0588235294117645
2024-07-25,32,4.09375
2024-07-26,32,4.25
2024-07-27,40,13.15
2024-07-28,31,1.3225806451612903
2024-07-29,26,1.9230769230769231
2024-07-30,59,6.237288135593221
2024-07-31,64,1.40625
