subreddit,yr,mon,dow,post_count,avg_score
airpods,2023,6,1,926,3.476241900647948
airpods,2023,6,2,1178,2.4083191850594226
airpods,2023,6,3,1280,2.6625
airpods,2023,6,4,1101,2.63669391462307
airpods,2023,6,5,1360,3.5808823529411766
airpods,2023,6,6,1233,1.9148418491484185
airpods,2023,6,7,772,2.959844559585492
airpods,2023,7,1,1328,2.483433734939759
airpods,2023,7,2,1126,1.3463587921847247
airpods,2023,7,3,1039,1.7670837343599615
airpods,2023,7,4,1087,1.203311867525299
airpods,2023,7,5,954,1.9853249475890986
airpods,2023,7,6,1056,1.2897727272727273
airpods,2023,7,7,1307,2.272379495026779
airpods,2023,8,1,1388,0.9992795389048992
airpods,2023,8,2,1621,0.999383096853794
airpods,2023,8,3,1698,1.0023557126030624
airpods,2023,8,4,1696,1.0017688679245282
airpods,2023,8,5,1589,1.001887979861548
airpods,2023,8,6,1064,1.0028195488721805
airpods,2023,8,7,1124,0.998220640569395
airpods,2023,9,1,1919,1.0
airpods,2023,9,2,1710,1.0005847953216374
airpods,2023,9,3,1755,1.005128205128205
airpods,2023,9,4,2005,1.0009975062344139
airpods,2023,9,5,1873,1.0
airpods,2023,9,6,2180,1.0013761467889908
airpods,2023,9,7,2449,1.0012249897917518
airpods,2023,10,1,1688,1.0165876777251184
airpods,2023,10,2,2085,1.0565947242206235
airpods,2023,10,3,2047,1.1123595505617978
airpods,2023,10,4,1691,1.0402128917800118
airpods,2023,10,5,1737,1.0201496833621186
airpods,2023,10,6,1497,1.0080160320641283
airpods,2023,10,7,1544,1.005181347150259
airpods,2023,11,1,1050,3.1095238095238096
airpods,2023,11,2,1009,4.5887016848364715
airpods,2023,11,3,1470,3.316326530612245
airpods,2023,11,4,1491,4.252179745137491
airpods,2023,11,5,1764,3.6723356009070294
airpods,2023,11,6,1510,3.877483443708609
airpods,2023,11,7,1160,3.4120689655172414
airpods,2023,12,1,1955,4.396419437340153
airpods,2023,12,2,1224,3.0302287581699345
airpods,2023,12,3,1767,6.243350311262026
airpods,2023,12,4,1807,3.672938572219148
airpods,2023,12,5,1667,3.500899820035993
airpods,2023,12,6,2021,2.958436417615042
airpods,2023,12,7,2047,5.699071812408403
airpods,2024,1,1,2646,6.446712018140589
airpods,2024,1,2,2399,2.73197165485619
airpods,2024,1,3,2287,3.8766943594228245
airpods,2024,1,4,2074,2.83847637415622
airpods,2024,1,5,1482,3.2658569500674766
airpods,2024,1,6,2119,5.118452100047192
airpods,2024,1,7,1513,3.3502974223397226
airpods,2024,2,1,1071,2.7180205415499534
airpods,2024,2,2,1356,2.50811209439528
airpods,2024,2,3,1352,3.4874260355029585
airpods,2024,2,4,1285,2.6
airpods,2024,2,5,1660,3.18433734939759
airpods,2024,2,6,1310,3.3274809160305345
airpods,2024,2,7,1187,3.0539174389216512
airpods,2024,3,1,1784,2.192825112107623
airpods,2024,3,2,1074,4.686219739292365
airpods,2024,3,3,1302,2.8195084485407067
airpods,2024,3,4,967,2.0279214064115823
airpods,2024,3,5,1276,3.346394984326019
airpods,2024,3,6,1747,4.329135661133371
airpods,2024,3,7,2143,5.607092860475968
airpods,2024,4,1,1237,2.6790622473726757
airpods,2024,4,2,1661,2.1143889223359422
airpods,2024,4,3,1484,2.8119946091644206
airpods,2024,4,4,1253,2.227454110135674
airpods,2024,4,5,1074,3.1527001862197395
airpods,2024,4,6,1089,3.1864095500459135
airpods,2024,4,7,1374,2.6491994177583695
airpods,2024,5,1,1115,3.6986547085201793
airpods,2024,5,2,1296,3.1087962962962963
airpods,2024,5,3,1109,2.788999098286745
airpods,2024,5,4,1523,3.90741956664478
airpods,2024,5,5,1570,3.7821656050955412
airpods,2024,5,6,1408,2.6193181818181817
airpods,2024,5,7,880,2.1977272727272728
airpods,2024,6,1,1481,4.49628629304524
airpods,2024,6,2,1328,3.6731927710843375
airpods,2024,6,3,1169,2.816082121471343
airpods,2024,6,4,1369,2.317019722425128
airpods,2024,6,5,1440,3.4756944444444446
airpods,2024,6,6,1026,4.5682261208577
airpods,2024,6,7,1459,4.077450308430432
airpods,2024,7,1,1363,3.673514306676449
airpods,2024,7,2,1641,3.16636197440585
airpods,2024,7,3,1742,3.99540757749713
airpods,2024,7,4,2347,4.315296122709842
airpods,2024,7,5,1864,3.7194206008583692
airpods,2024,7,6,1429,3.8859342197340796
airpods,2024,7,7,1466,4.608458390177353
audio,2023,6,1,389,1.2982005141388175
audio,2023,6,2,515,1.3553398058252428
audio,2023,6,3,577,1.2738301559792027
audio,2023,6,4,604,1.2235099337748345
audio,2023,6,5,580,1.289655172413793
audio,2023,6,6,657,1.264840182648402
audio,2023,6,7,529,1.2533081285444234
audio,2023,7,1,582,1.056701030927835
audio,2023,7,2,599,1.0651085141903172
audio,2023,7,3,476,1.0294117647058822
audio,2023,7,4,571,1.0507880910683012
audio,2023,7,5,457,1.0547045951859957
audio,2023,7,6,499,1.0400801603206413
audio,2023,7,7,535,1.091588785046729
audio,2023,8,1,448,1.0
audio,2023,8,2,404,1.0
audio,2023,8,3,550,1.0
audio,2023,8,4,623,1.0
audio,2023,8,5,629,1.0
audio,2023,8,6,496,1.0
audio,2023,8,7,402,1.0
audio,2023,9,1,404,1.0
audio,2023,9,2,404,1.0
audio,2023,9,3,482,1.0
audio,2023,9,4,424,1.0
audio,2023,9,5,484,1.0
audio,2023,9,6,522,1.0
audio,2023,9,7,561,1.0
audio,2023,10,1,521,1.0076775431861804
audio,2023,10,2,600,1.0016666666666667
audio,2023,10,3,541,1.0036968576709797
audio,2023,10,4,423,1.0023640661938533
audio,2023,10,5,465,1.0043010752688173
audio,2023,10,6,378,1.0026455026455026
audio,2023,10,7,491,1.0
audio,2023,11,1,494,1.2672064777327936
audio,2023,11,2,421,1.2209026128266034
audio,2023,11,3,541,1.2902033271719038
audio,2023,11,4,667,1.1979010494752624
audio,2023,11,5,624,1.3173076923076923
audio,2023,11,6,434,1.2004608294930876
audio,2023,11,7,412,1.4174757281553398
audio,2023,12,1,556,1.2805755395683454
audio,2023,12,2,547,1.2925045703839122
audio,2023,12,3,570,1.2421052631578948
audio,2023,12,4,557,1.2621184919210053
audio,2023,12,5,580,1.256896551724138
audio,2023,12,6,569,1.3919156414762741
audio,2023,12,7,592,1.277027027027027
audio,2024,1,1,559,1.2486583184257602
audio,2024,1,2,625,1.2048
audio,2024,1,3,640,1.1953125
audio,2024,1,4,703,1.2432432432432432
audio,2024,1,5,509,1.1925343811394893
audio,2024,1,6,528,1.2026515151515151
audio,2024,1,7,569,1.2355008787346222
audio,2024,2,1,531,1.2598870056497176
audio,2024,2,2,464,1.2672413793103448
audio,2024,2,3,481,1.2515592515592515
audio,2024,2,4,489,1.2372188139059306
audio,2024,2,5,573,1.2268760907504364
audio,2024,2,6,458,1.2663755458515285
audio,2024,2,7,605,1.2694214876033059
audio,2024,3,1,640,1.246875
audio,2024,3,2,439,1.275626423690205
audio,2024,3,3,483,1.2732919254658386
audio,2024,3,4,369,1.3956639566395663
audio,2024,3,5,402,1.1890547263681592
audio,2024,3,6,633,1.221169036334913
audio,2024,3,7,671,1.338301043219076
audio,2024,4,1,483,1.144927536231884
audio,2024,4,2,598,1.2491638795986622
audio,2024,4,3,600,1.3766666666666667
audio,2024,4,4,490,1.2326530612244897
audio,2024,4,5,454,1.158590308370044
audio,2024,4,6,439,1.1776765375854215
audio,2024,4,7,440,1.1863636363636363
audio,2024,5,1,418,1.2272727272727273
audio,2024,5,2,549,1.1821493624772312
audio,2024,5,3,444,1.1238738738738738
audio,2024,5,4,506,1.1936758893280632
audio,2024,5,5,620,1.2661290322580645
audio,2024,5,6,552,1.1268115942028984
audio,2024,5,7,446,1.2286995515695067
audio,2024,6,1,602,1.2026578073089702
audio,2024,6,2,444,1.1756756756756757
audio,2024,6,3,427,1.306791569086651
audio,2024,6,4,459,1.224400871459695
audio,2024,6,5,499,1.2104208416833668
audio,2024,6,6,484,1.084710743801653
audio,2024,6,7,575,1.1217391304347826
audio,2024,7,1,465,1.253763440860215
audio,2024,7,2,716,1.1731843575418994
audio,2024,7,3,648,1.1898148148148149
audio,2024,7,4,683,1.2298682284040996
audio,2024,7,5,612,1.1911764705882353
audio,2024,7,6,475,1.1578947368421053
audio,2024,7,7,447,1.1655480984340045
audiophile,2023,6,1,1181,4.587637595258256
audiophile,2023,6,2,823,2.4945321992709597
audiophile,2023,6,3,658,2.290273556231003
audiophile,2023,6,4,781,3.970550576184379
audiophile,2023,6,5,1495,3.5665551839464884
audiophile,2023,6,6,1189,2.8763666947014297
audiophile,2023,6,7,1537,3.7618737800910864
audiophile,2023,7,1,2368,1.9894425675675675
audiophile,2023,7,2,2336,1.3861301369863013
audiophile,2023,7,3,2179,3.1395135383203305
audiophile,2023,7,4,2256,2.0004432624113475
audiophile,2023,7,5,2487,1.3952553277040611
audiophile,2023,7,6,2522,1.359238699444885
audiophile,2023,7,7,2461,1.357984559122308
audiophile,2023,8,1,2737,1.0
audiophile,2023,8,2,2804,1.0
audiophile,2023,8,3,3790,1.0065963060686016
audiophile,2023,8,4,3943,1.0007608419984784
audiophile,2023,8,5,3916,1.0
audiophile,2023,8,6,2977,1.0
audiophile,2023,8,7,2791,1.0
audiophile,2023,9,1,2726,1.0
audiophile,2023,9,2,2760,1.0
audiophile,2023,9,3,2326,1.0120378331900257
audiophile,2023,9,4,2574,1.0
audiophile,2023,9,5,2928,1.0
audiophile,2023,9,6,3822,1.0
audiophile,2023,9,7,3846,1.0
audiophile,2023,10,1,4388,1.0405651777575204
audiophile,2023,10,2,4438,1.012843623253718
audiophile,2023,10,3,4576,1.0089597902097902
audiophile,2023,10,4,3371,1.00889943636903
audiophile,2023,10,5,3564,1.0115039281705949
audiophile,2023,10,6,3024,1.019510582010582
audiophile,2023,10,7,3556,1.0216535433070866
audiophile,2023,11,1,2972,3.1948183041722746
audiophile,2023,11,2,3030,4.359405940594059
audiophile,2023,11,3,4025,3.3460869565217393
audiophile,2023,11,4,3769,3.6065269302202174
audiophile,2023,11,5,3875,3.783483870967742
audiophile,2023,11,6,3042,3.901051939513478
audiophile,2023,11,7,3250,3.9153846153846152
audiophile,2023,12,1,4598,4.652892561983471
audiophile,2023,12,2,3314,4.187085093542547
audiophile,2023,12,3,4012,4.1600199401794615
audiophile,2023,12,4,4146,4.263627592860589
audiophile,2023,12,5,4464,3.511872759856631
audiophile,2023,12,6,5360,4.321455223880597
audiophile,2023,12,7,4248,3.413135593220339
audiophile,2024,1,1,3905,3.289628681177977
audiophile,2024,1,2,4781,3.4404936205814685
audiophile,2024,1,3,5096,3.4650706436420724
audiophile,2024,1,4,5014,3.0855604307937776
audiophile,2024,1,5,4157,3.7038729853259564
audiophile,2024,1,6,4163,3.582512611097766
audiophile,2024,1,7,4213,4.12936150011868
audiophile,2024,2,1,3931,3.320783515644874
audiophile,2024,2,2,3400,2.767058823529412
audiophile,2024,2,3,3512,3.4934510250569475
audiophile,2024,2,4,3368,2.9323040380047507
audiophile,2024,2,5,3811,3.1981107320913145
audiophile,2024,2,6,3487,3.2024663034126757
audiophile,2024,2,7,3813,3.2680304222397063
audiophile,2024,3,1,4486,3.442487739634418
audiophile,2024,3,2,3208,3.0439526184538654
audiophile,2024,3,3,3220,3.7574534161490685
audiophile,2024,3,4,3961,4.302701338045948
audiophile,2024,3,5,4162,3.1158097068716963
audiophile,2024,3,6,5158,3.4208995734780925
audiophile,2024,3,7,4356,3.419421487603306
audiophile,2024,4,1,3509,4.94157879737817
audiophile,2024,4,2,4512,3.740026595744681
audiophile,2024,4,3,5115,4.087194525904203
audiophile,2024,4,4,4117,3.9720670391061454
audiophile,2024,4,5,3995,3.323904881101377
audiophile,2024,4,6,4376,3.870429616087751
audiophile,2024,4,7,3511,2.998575904300769
audiophile,2024,5,1,3275,3.2986259541984735
audiophile,2024,5,2,4278,4.093267882187939
audiophile,2024,5,3,4412,5.202402538531278
audiophile,2024,5,4,5353,3.1716794320941526
audiophile,2024,5,5,4630,3.6563714902807773
audiophile,2024,5,6,4878,4.248872488724888
audiophile,2024,5,7,3404,3.317273795534665
audiophile,2024,6,1,3733,2.681221537637289
audiophile,2024,6,2,3096,2.983527131782946
audiophile,2024,6,3,3711,3.5831312314739963
audiophile,2024,6,4,4463,3.398610799910374
audiophile,2024,6,5,3851,3.5351856660607632
audiophile,2024,6,6,3152,2.8347081218274113
audiophile,2024,6,7,3642,2.934102141680395
audiophile,2024,7,1,3671,3.787523835467175
audiophile,2024,7,2,4275,4.197192982456141
audiophile,2024,7,3,4373,3.2595472215870114
audiophile,2024,7,4,4087,3.1091264986542697
audiophile,2024,7,5,4617,3.8535845787307776
audiophile,2024,7,6,4321,5.748206433695904
audiophile,2024,7,7,3550,3.052957746478873
bose,2023,6,1,222,1.436936936936937
bose,2023,6,2,132,1.3863636363636365
bose,2023,6,3,143,1.2307692307692308
bose,2023,6,4,179,1.23463687150838
bose,2023,6,5,298,1.7181208053691275
bose,2023,6,6,205,1.424390243902439
bose,2023,6,7,190,1.2
bose,2023,7,1,119,1.0420168067226891
bose,2023,7,2,102,1.0098039215686274
bose,2023,7,3,127,1.0
bose,2023,7,4,88,1.0340909090909092
bose,2023,7,5,77,1.1428571428571428
bose,2023,7,6,86,1.0348837209302326
bose,2023,7,7,118,1.0084745762711864
bose,2023,8,1,142,1.0
bose,2023,8,2,184,1.0
bose,2023,8,3,191,1.0
bose,2023,8,4,205,1.0
bose,2023,8,5,227,1.0
bose,2023,8,6,152,1.0
bose,2023,8,7,148,1.0067567567567568
bose,2023,9,1,514,1.0
bose,2023,9,2,522,1.0
bose,2023,9,3,570,1.0017543859649123
bose,2023,9,4,491,1.0
bose,2023,9,5,588,1.0
bose,2023,9,6,727,1.0
bose,2023,9,7,570,1.0
bose,2023,10,1,987,1.006079027355623
bose,2023,10,2,1093,1.0484903934126257
bose,2023,10,3,916,1.0
bose,2023,10,4,793,1.0025220680958387
bose,2023,10,5,950,1.0063157894736843
bose,2023,10,6,968,1.0134297520661157
bose,2023,10,7,793,1.005044136191677
bose,2023,11,1,625,1.2544
bose,2023,11,2,634,1.5962145110410095
bose,2023,11,3,715,1.3762237762237761
bose,2023,11,4,857,1.4585764294049008
bose,2023,11,5,888,1.4065315315315314
bose,2023,11,6,728,1.521978021978022
bose,2023,11,7,781,1.4519846350832266
bose,2023,12,1,718,1.3064066852367688
bose,2023,12,2,554,1.3447653429602888
bose,2023,12,3,584,1.2602739726027397
bose,2023,12,4,576,1.4583333333333333
bose,2023,12,5,590,1.1067796610169491
bose,2023,12,6,756,1.5383597883597884
bose,2023,12,7,592,1.4189189189189189
bose,2024,1,1,483,1.4161490683229814
bose,2024,1,2,655,1.467175572519084
bose,2024,1,3,598,1.193979933110368
bose,2024,1,4,598,1.3076923076923077
bose,2024,1,5,518,1.4401544401544402
bose,2024,1,6,476,1.365546218487395
bose,2024,1,7,470,1.4063829787234043
bose,2024,2,1,491,1.4215885947046842
bose,2024,2,2,535,1.2672897196261683
bose,2024,2,3,476,1.6218487394957983
bose,2024,2,4,570,1.292982456140351
bose,2024,2,5,744,1.4408602150537635
bose,2024,2,6,607,1.329489291598023
bose,2024,2,7,488,1.4098360655737705
bose,2024,3,1,600,1.2783333333333333
bose,2024,3,2,564,1.4893617021276595
bose,2024,3,3,683,1.3382137628111275
bose,2024,3,4,505,1.3504950495049506
bose,2024,3,5,531,1.4896421845574388
bose,2024,3,6,741,1.4696356275303644
bose,2024,3,7,654,1.3975535168195719
bose,2024,4,1,499,1.4829659318637274
bose,2024,4,2,718,1.318941504178273
bose,2024,4,3,653,1.3966309341500767
bose,2024,4,4,552,1.4692028985507246
bose,2024,4,5,590,1.3694915254237288
bose,2024,4,6,560,1.3482142857142858
bose,2024,4,7,464,1.4008620689655173
bose,2024,5,1,409,1.256723716381418
bose,2024,5,2,423,1.2884160756501182
bose,2024,5,3,491,1.1364562118126273
bose,2024,5,4,584,1.3527397260273972
bose,2024,5,5,595,1.3394957983193276
bose,2024,5,6,584,1.4349315068493151
bose,2024,5,7,413,1.4842615012106537
bose,2024,6,1,694,1.61671469740634
bose,2024,6,2,613,1.7862969004893965
bose,2024,6,3,544,1.4650735294117647
bose,2024,6,4,583,1.7547169811320755
bose,2024,6,5,591,1.3959390862944163
bose,2024,6,6,531,1.591337099811676
bose,2024,6,7,625,1.3008
bose,2024,7,1,464,1.415948275862069
bose,2024,7,2,751,1.3808255659121171
bose,2024,7,3,753,1.2802124833997344
bose,2024,7,4,930,1.364516129032258
bose,2024,7,5,728,1.4436813186813187
bose,2024,7,6,492,1.4451219512195121
bose,2024,7,7,508,1.5098425196850394
earbuds,2023,6,1,239,1.1213389121338913
earbuds,2023,6,2,287,1.0452961672473868
earbuds,2023,6,3,372,1.1908602150537635
earbuds,2023,6,4,340,1.2264705882352942
earbuds,2023,6,5,401,1.1496259351620948
earbuds,2023,6,6,367,1.2098092643051772
earbuds,2023,6,7,333,1.1831831831831832
earbuds,2023,7,1,446,1.094170403587444
earbuds,2023,7,2,407,1.0466830466830468
earbuds,2023,7,3,396,1.0303030303030303
earbuds,2023,7,4,334,1.0089820359281436
earbuds,2023,7,5,330,1.0363636363636364
earbuds,2023,7,6,274,1.102189781021898
earbuds,2023,7,7,446,1.109865470852018
earbuds,2023,8,1,287,1.0
earbuds,2023,8,2,350,1.0
earbuds,2023,8,3,453,1.0
earbuds,2023,8,4,497,1.0
earbuds,2023,8,5,424,1.0
earbuds,2023,8,6,370,1.0
earbuds,2023,8,7,374,1.0
earbuds,2023,9,1,331,1.0030211480362539
earbuds,2023,9,2,469,1.0
earbuds,2023,9,3,371,1.0
earbuds,2023,9,4,412,0.9975728155339806
earbuds,2023,9,5,434,1.0
earbuds,2023,9,6,468,1.0021367521367521
earbuds,2023,9,7,500,1.0
earbuds,2023,10,1,560,1.0
earbuds,2023,10,2,566,1.017667844522968
earbuds,2023,10,3,599,1.001669449081803
earbuds,2023,10,4,581,1.0017211703958693
earbuds,2023,10,5,526,0.9961977186311787
earbuds,2023,10,6,589,1.0016977928692699
earbuds,2023,10,7,562,1.0
earbuds,2023,11,1,574,1.2439024390243902
earbuds,2023,11,2,567,1.236331569664903
earbuds,2023,11,3,643,1.1321928460342146
earbuds,2023,11,4,767,1.1877444589308996
earbuds,2023,11,5,799,1.1852315394242803
earbuds,2023,11,6,592,1.1925675675675675
earbuds,2023,11,7,590,1.1813559322033897
earbuds,2023,12,1,687,1.3362445414847162
earbuds,2023,12,2,497,1.2816901408450705
earbuds,2023,12,3,550,1.1945454545454546
earbuds,2023,12,4,644,1.1645962732919255
earbuds,2023,12,5,512,1.267578125
earbuds,2023,12,6,700,1.197142857142857
earbuds,2023,12,7,782,1.2148337595907928
earbuds,2024,1,1,552,1.2554347826086956
earbuds,2024,1,2,744,1.2540322580645162
earbuds,2024,1,3,782,1.340153452685422
earbuds,2024,1,4,784,1.3622448979591837
earbuds,2024,1,5,710,1.2478873239436619
earbuds,2024,1,6,571,1.3239929947460596
earbuds,2024,1,7,563,1.2717584369449377
earbuds,2024,2,1,624,1.2195512820512822
earbuds,2024,2,2,596,2.6057046979865772
earbuds,2024,2,3,563,1.5595026642984013
earbuds,2024,2,4,615,1.2861788617886178
earbuds,2024,2,5,834,1.5827338129496402
earbuds,2024,2,6,602,1.5465116279069768
earbuds,2024,2,7,461,1.9392624728850325
earbuds,2024,3,1,875,1.3474285714285714
earbuds,2024,3,2,760,1.688157894736842
earbuds,2024,3,3,768,2.0078125
earbuds,2024,3,4,741,1.1970310391363024
earbuds,2024,3,5,628,1.2420382165605095
earbuds,2024,3,6,810,1.2876543209876543
earbuds,2024,3,7,764,1.25
earbuds,2024,4,1,755,1.203973509933775
earbuds,2024,4,2,1076,1.199814126394052
earbuds,2024,4,3,1081,1.267345050878816
earbuds,2024,4,4,810,1.145679012345679
earbuds,2024,4,5,849,1.1849234393404005
earbuds,2024,4,6,805,1.1652173913043478
earbuds,2024,4,7,738,1.2493224932249323
earbuds,2024,5,1,743,1.250336473755047
earbuds,2024,5,2,720,1.1597222222222223
earbuds,2024,5,3,699,1.2804005722460658
earbuds,2024,5,4,928,1.238146551724138
earbuds,2024,5,5,949,1.1506849315068493
earbuds,2024,5,6,862,1.174013921113689
earbuds,2024,5,7,674,1.2551928783382789
earbuds,2024,6,1,954,1.2064989517819706
earbuds,2024,6,2,858,1.3228438228438228
earbuds,2024,6,3,931,1.2900107411385606
earbuds,2024,6,4,894,1.2472035794183445
earbuds,2024,6,5,1030,1.3067961165048543
earbuds,2024,6,6,998,1.8056112224448897
earbuds,2024,6,7,1214,1.312191103789127
earbuds,2024,7,1,890,1.2325842696629215
earbuds,2024,7,2,1027,1.1801363193768257
earbuds,2024,7,3,1126,1.263765541740675
earbuds,2024,7,4,1077,1.1903435468895078
earbuds,2024,7,5,888,1.40990990990991
earbuds,2024,7,6,901,1.388457269700333
earbuds,2024,7,7,1049,1.3060057197330792
headphones,2023,6,1,2218,6.009017132551849
headphones,2023,6,2,1181,4.209144792548687
headphones,2023,6,3,1408,4.510653409090909
headphones,2023,6,4,1324,4.243202416918429
headphones,2023,6,5,2474,4.101455133387227
headphones,2023,6,6,2265,5.157174392935982
headphones,2023,6,7,2320,3.4202586206896552
headphones,2023,7,1,3353,1.3814494482552937
headphones,2023,7,2,3944,1.2789046653144016
headphones,2023,7,3,3480,1.9043103448275862
headphones,2023,7,4,3879,1.3926269657128125
headphones,2023,7,5,3643,1.5446060938786714
headphones,2023,7,6,3307,1.469307529482915
headphones,2023,7,7,3661,1.6184102704179186
headphones,2023,8,1,3346,1.0
headphones,2023,8,2,4033,1.0
headphones,2023,8,3,4901,1.0169353193225872
headphones,2023,8,4,4890,1.0
headphones,2023,8,5,5020,1.0
headphones,2023,8,6,3588,1.0
headphones,2023,8,7,3561,1.0
headphones,2023,9,1,3800,1.0
headphones,2023,9,2,4003,1.0
headphones,2023,9,3,4476,1.0022341376228776
headphones,2023,9,4,4215,1.0
headphones,2023,9,5,4072,1.0
headphones,2023,9,6,5187,1.0
headphones,2023,9,7,5315,1.0
headphones,2023,10,1,5281,1.0210187464495362
headphones,2023,10,2,5493,1.05934826142363
headphones,2023,10,3,5598,1.017684887459807
headphones,2023,10,4,4670,1.0128479657387581
headphones,2023,10,5,4720,1.020550847457627
headphones,2023,10,6,3909,1.006395497569711
headphones,2023,10,7,3791,1.0171458718016355
headphones,2023,11,1,4658,3.9383855732073854
headphones,2023,11,2,5070,5.89585798816568
headphones,2023,11,3,4665,4.421221864951768
headphones,2023,11,4,6693,4.761541909457642
headphones,2023,11,5,6865,4.969992716678806
headphones,2023,11,6,5175,4.823768115942029
headphones,2023,11,7,5246,4.308616088448342
headphones,2023,12,1,6808,4.730464159811986
headphones,2023,12,2,5571,4.983485909172501
headphones,2023,12,3,4833,4.335816263190565
headphones,2023,12,4,4691,4.041995310168407
headphones,2023,12,5,4849,4.819550422767581
headphones,2023,12,6,6236,3.699486850545221
headphones,2023,12,7,6413,4.601122719476065
headphones,2024,1,1,4304,4.576440520446097
headphones,2024,1,2,6133,5.150334257296592
headphones,2024,1,3,6840,4.558479532163743
headphones,2024,1,4,5960,3.5043624161073827
headphones,2024,1,5,5196,4.150115473441109
headphones,2024,1,6,5262,4.052831622957051
headphones,2024,1,7,4472,4.906976744186046
headphones,2024,2,1,3772,3.838547189819724
headphones,2024,2,2,4039,4.347610794751176
headphones,2024,2,3,4007,3.3740953331669576
headphones,2024,2,4,3923,3.8004078511343358
headphones,2024,2,5,5191,3.3145829319976885
headphones,2024,2,6,4458,3.85464333781965
headphones,2024,2,7,4098,3.971205466081015
headphones,2024,3,1,4389,4.01617680565049
headphones,2024,3,2,4726,5.819932289462548
headphones,2024,3,3,4522,3.5546218487394956
headphones,2024,3,4,3438,3.9578243164630598
headphones,2024,3,5,3796,3.9728661749209695
headphones,2024,3,6,5053,3.3615673857114587
headphones,2024,3,7,5090,3.930844793713163
headphones,2024,4,1,4393,4.034828135670384
headphones,2024,4,2,5289,5.54131215730762
headphones,2024,4,3,5147,4.60170973382553
headphones,2024,4,4,3655,4.435841313269494
headphones,2024,4,5,4510,5.392239467849224
headphones,2024,4,6,4554,3.987263943785683
headphones,2024,4,7,3896,4.737166324435318
headphones,2024,5,1,3116,4.162708600770218
headphones,2024,5,2,3278,5.99267846247712
headphones,2024,5,3,3436,4.471769499417928
headphones,2024,5,4,4273,4.424292066463843
headphones,2024,5,5,4282,4.510509107893507
headphones,2024,5,6,4032,2.7160218253968256
headphones,2024,5,7,3418,3.824458747805734
headphones,2024,6,1,4144,3.4763513513513513
headphones,2024,6,2,3475,4.03136690647482
headphones,2024,6,3,3517,5.36593687802104
headphones,2024,6,4,3157,3.803611023123218
headphones,2024,6,5,3646,6.565002742731761
headphones,2024,6,6,3262,2.779276517473942
headphones,2024,6,7,4198,4.515483563601715
headphones,2024,7,1,2728,6.0791788856304985
headphones,2024,7,2,3725,6.414228187919463
headphones,2024,7,3,4074,5.860579283259695
headphones,2024,7,4,4326,4.728155339805825
headphones,2024,7,5,2948,4.319877883310719
headphones,2024,7,6,3147,3.0368605020654593
headphones,2024,7,7,3288,5.11374695863747
sony,2023,6,1,299,1.2006688963210703
sony,2023,6,2,344,1.2877906976744187
sony,2023,6,3,455,1.69010989010989
sony,2023,6,4,430,1.330232558139535
sony,2023,6,5,553,1.2640144665461122
sony,2023,6,6,351,1.225071225071225
sony,2023,6,7,313,1.156549520766773
sony,2023,7,1,401,1.1920199501246882
sony,2023,7,2,410,1.1170731707317074
sony,2023,7,3,392,1.0790816326530612
sony,2023,7,4,352,1.0482954545454546
sony,2023,7,5,394,1.0761421319796953
sony,2023,7,6,401,1.032418952618454
sony,2023,7,7,473,1.0866807610993658
sony,2023,8,1,344,1.0
sony,2023,8,2,355,1.0
sony,2023,8,3,471,1.0042462845010616
sony,2023,8,4,551,1.0
sony,2023,8,5,553,1.0
sony,2023,8,6,417,1.0
sony,2023,8,7,465,1.0
sony,2023,9,1,210,1.0
sony,2023,9,2,351,1.0
sony,2023,9,3,466,1.0
sony,2023,9,4,328,1.0
sony,2023,9,5,322,1.0
sony,2023,9,6,400,1.0
sony,2023,9,7,409,1.0
sony,2023,10,1,464,1.0
sony,2023,10,2,476,1.0
sony,2023,10,3,428,1.0
sony,2023,10,4,314,1.0
sony,2023,10,5,342,1.0
sony,2023,10,6,334,1.0029940119760479
sony,2023,10,7,345,1.0
sony,2023,11,1,364,1.2802197802197801
sony,2023,11,2,405,1.202469135802469
sony,2023,11,3,458,1.7161572052401746
sony,2023,11,4,505,1.1643564356435643
sony,2023,11,5,620,1.4274193548387097
sony,2023,11,6,481,1.2785862785862785
sony,2023,11,7,395,1.1873417721518988
sony,2023,12,1,415,1.306024096385542
sony,2023,12,2,313,1.2396166134185302
sony,2023,12,3,383,1.6109660574412532
sony,2023,12,4,380,1.7394736842105263
sony,2023,12,5,392,1.4668367346938775
sony,2023,12,6,431,1.2761020881670533
sony,2023,12,7,410,1.1804878048780487
sony,2024,1,1,354,1.7768361581920904
sony,2024,1,2,366,1.3087431693989071
sony,2024,1,3,455,1.2615384615384615
sony,2024,1,4,514,1.5155642023346303
sony,2024,1,5,277,1.2129963898916967
sony,2024,1,6,342,1.304093567251462
sony,2024,1,7,262,1.202290076335878
sony,2024,2,1,346,1.2369942196531791
sony,2024,2,2,281,1.1459074733096086
sony,2024,2,3,238,1.2941176470588236
sony,2024,2,4,296,1.3175675675675675
sony,2024,2,5,374,1.4171122994652405
sony,2024,2,6,321,1.115264797507788
sony,2024,2,7,279,1.4301075268817205
sony,2024,3,1,368,1.1005434782608696
sony,2024,3,2,304,1.0921052631578947
sony,2024,3,3,273,1.164835164835165
sony,2024,3,4,304,1.0789473684210527
sony,2024,3,5,215,1.1069767441860465
sony,2024,3,6,304,1.0723684210526316
sony,2024,3,7,298,1.157718120805369
sony,2024,4,1,266,1.0751879699248121
sony,2024,4,2,327,1.0795107033639144
sony,2024,4,3,363,1.1129476584022038
sony,2024,4,4,257,1.1945525291828794
sony,2024,4,5,264,1.0946969696969697
sony,2024,4,6,349,1.3925501432664757
sony,2024,4,7,247,1.1619433198380567
sony,2024,5,1,616,0.9967532467532467
sony,2024,5,2,402,1.0099502487562189
sony,2024,5,3,301,1.1661129568106312
sony,2024,5,4,302,1.3311258278145695
sony,2024,5,5,337,1.2908011869436202
sony,2024,5,6,490,1.5571428571428572
sony,2024,5,7,664,0.9969879518072289
sony,2024,6,1,258,1.1317829457364341
sony,2024,6,2,257,1.066147859922179
sony,2024,6,3,246,1.1422764227642277
sony,2024,6,4,253,1.2727272727272727
sony,2024,6,5,218,1.1972477064220184
sony,2024,6,6,286,0.993006993006993
sony,2024,6,7,271,1.029520295202952
sony,2024,7,1,237,1.080168776371308
sony,2024,7,2,279,1.2078853046594982
sony,2024,7,3,314,1.105095541401274
sony,2024,7,4,274,1.0656934306569343
sony,2024,7,5,227,1.0748898678414096
sony,2024,7,6,260,1.0423076923076924
sony,2024,7,7,320,1.153125
technology,2023,6,1,32097,16.50285073371343
technology,2023,6,2,29649,13.324159330837466
technology,2023,6,3,30435,15.56674880893708
technology,2023,6,4,51001,14.418383953255818
technology,2023,6,5,53042,16.959786584216282
technology,2023,6,6,71316,15.166288069998318
technology,2023,6,7,34581,10.348139151557213
technology,2023,7,1,26724,5.903270468492741
technology,2023,7,2,30514,4.644261650389985
technology,2023,7,3,22406,3.5571275551191643
technology,2023,7,4,23232,3.2458247245179064
technology,2023,7,5,26763,4.518402271793147
technology,2023,7,6,27909,4.410584399297718
technology,2023,7,7,29062,5.185844057532172
technology,2023,8,1,25447,1.0003929736314694
technology,2023,8,2,27005,1.000703573412331
technology,2023,8,3,33508,1.014086188372926
technology,2023,8,4,30206,1.000430378070582
technology,2023,8,5,33322,1.0002700918312226
technology,2023,8,6,22676,1.0006173928382431
technology,2023,8,7,20348,1.001720070768626
technology,2023,9,1,20229,1.0
technology,2023,9,2,31277,1.0001598618793361
technology,2023,9,3,33267,1.004929810322542
technology,2023,9,4,28246,0.9997167740565036
technology,2023,9,5,30067,0.9998669637808894
technology,2023,9,6,36863,1.000461167023845
technology,2023,9,7,29778,0.9996977634495265
technology,2023,10,1,26296,1.0513766352296927
technology,2023,10,2,27926,1.124113729141302
technology,2023,10,3,37365,1.413381506757661
technology,2023,10,4,33690,1.1231819531018106
technology,2023,10,5,32140,1.0581518357187305
technology,2023,10,6,32563,1.1346620397383533
technology,2023,10,7,23892,1.0866817344717896
technology,2023,11,1,24695,13.400121482081394
technology,2023,11,2,22580,14.978122232063773
technology,2023,11,3,30312,14.588578780680919
technology,2023,11,4,42824,13.037268821221744
technology,2023,11,5,41772,14.712103801589581
technology,2023,11,6,28478,14.452735444904839
technology,2023,11,7,26202,15.814785130906039
technology,2023,12,1,26623,11.697704991924276
technology,2023,12,2,20852,13.434634567427585
technology,2023,12,3,22515,15.036286919831223
technology,2023,12,4,30598,12.539120203934898
technology,2023,12,5,28880,13.84400969529086
technology,2023,12,6,41493,14.389439182512714
technology,2023,12,7,30376,11.115979720832236
technology,2024,1,1,23645,11.634129837174878
technology,2024,1,2,32159,13.831711185049286
technology,2024,1,3,38882,13.22956638033023
technology,2024,1,4,41629,13.852578731172981
technology,2024,1,5,30609,13.288052533568559
technology,2024,1,6,28613,11.728829553000384
technology,2024,1,7,29467,12.978246852411171
technology,2024,2,1,25187,13.8330884980347
technology,2024,2,2,25849,13.684513907694688
technology,2024,2,3,31051,13.962223438858652
technology,2024,2,4,31497,14.892592945359876
technology,2024,2,5,42200,14.621563981042653
technology,2024,2,6,39733,14.312208995041905
technology,2024,2,7,28624,11.633803801006149
technology,2024,3,1,32858,12.232241767606062
technology,2024,3,2,29603,16.249265277167854
technology,2024,3,3,34665,14.271138035482474
technology,2024,3,4,38989,12.243684116032727
technology,2024,3,5,40168,15.74541923919538
technology,2024,3,6,44822,12.603721386818973
technology,2024,3,7,37668,13.08110332377615
technology,2024,4,1,20623,11.872763419483102
technology,2024,4,2,36033,15.415674520578358
technology,2024,4,3,44382,14.250439367311072
technology,2024,4,4,43011,11.77715003138732
technology,2024,4,5,40813,11.251120966358759
technology,2024,4,6,33437,13.798606334300326
technology,2024,4,7,31366,11.72553082956067
technology,2024,5,1,24448,13.686722840314136
technology,2024,5,2,31152,17.381067026194145
technology,2024,5,3,46540,14.766373012462397
technology,2024,5,4,57557,12.641207846135135
technology,2024,5,5,49621,15.670744241349428
technology,2024,5,6,45330,13.93942201632473
technology,2024,5,7,26607,13.56654263915511
technology,2024,6,1,32579,16.546671168544155
technology,2024,6,2,30786,14.104235691548107
technology,2024,6,3,32853,16.028947128116155
technology,2024,6,4,32383,14.641293271160794
technology,2024,6,5,35261,16.302685686736055
technology,2024,6,6,30183,15.259980783884968
technology,2024,6,7,28338,11.579151669136849
technology,2024,7,1,22588,14.73481494598902
technology,2024,7,2,38723,18.35945045580146
technology,2024,7,3,40778,15.053803521506694
technology,2024,7,4,40964,15.574260326140026
technology,2024,7,5,26274,16.49307299992388
technology,2024,7,6,32690,20.51150198837565
technology,2024,7,7,23977,12.644909705134086
