yr,mon,dow,post_count,avg_score
2023,6,1,37571,14.72167363125815
2023,6,2,34109,11.918643173356006
2023,6,3,35328,13.789713541666666
2023,6,4,55760,13.431187230989957
2023,6,5,60203,15.320665083135392
2023,6,6,77583,14.192000824922985
2023,6,7,40575,9.25441774491682
2023,7,1,35321,4.872597038588942
2023,7,2,39438,3.8830062376388255
2023,7,3,30495,3.1629119527791443
2023,7,4,31799,2.7682317053995407
2023,7,5,35105,3.7958410482837204
2023,7,6,36054,3.7185333111443946
2023,7,7,38063,4.325985865538712
2023,8,1,34139,1.0002636281086148
2023,8,2,36756,1.0004897159647403
2023,8,3,45562,1.0128615951889732
2023,8,4,42611,1.0004458942526577
2023,8,5,45680,1.000262697022767
2023,8,6,31740,1.0005356017643352
2023,8,7,29213,1.0011638654023893
2023,9,1,30133,1.000033186207812
2023,9,2,41496,1.0001445922498553
2023,9,3,43713,1.004849815844257
2023,9,4,38695,0.9998190980746866
2023,9,5,40768,0.9999018838304553
2023,9,6,50169,1.0004185851820846
2023,9,7,43428,0.9998618402873722
2023,10,1,40185,1.0417568744556427
2023,10,2,42677,1.0944536869976802
2023,10,3,52070,1.3038025734588055
2023,10,4,45533,1.0947005468561264
2023,10,5,44444,1.0460804608046081
2023,10,6,43262,1.1039480375387176
2023,10,7,34974,1.0636186881683536
2023,11,1,35432,10.290443666741929
2023,11,2,33716,11.527197769604935
2023,11,3,42829,11.30946321417731
2023,11,4,57573,10.658781025828079
2023,11,5,57207,11.776793049801597
2023,11,6,40440,11.306132542037586
2023,11,7,38036,12.003076033231675
2023,12,1,42360,8.893578847969783
2023,12,2,32872,9.977001703577512
2023,12,3,35214,11.073351507922986
2023,12,4,43399,9.90578123919906
2023,12,5,41934,10.66685744264797
2023,12,6,57566,11.336830768161763
2023,12,7,45460,8.718895732512099
2024,1,1,36448,8.982495610184372
2024,1,2,47862,10.499561238560862
2024,1,3,55580,10.348992443324937
2024,1,4,57276,10.866959983239052
2024,1,5,43458,10.380367251139031
2024,1,6,42074,9.154584779198554
2024,1,7,41529,10.335789448337307
2024,2,1,35953,10.608683559091036
2024,2,2,36520,10.603532311062432
2024,2,3,41680,11.194937619961612
2024,2,4,42043,11.885950098708465
2024,2,5,55387,11.831928069763663
2024,2,6,50976,11.849752824858758
2024,2,7,39555,9.306408797876374
2024,3,1,46000,9.60995652173913
2024,3,2,40678,12.939303800580166
2024,3,3,45916,11.541554142346895
2024,3,4,49274,10.398831026504851
2024,3,5,51178,13.034272538981593
2024,3,6,59268,10.29812040224067
2024,3,7,51644,10.509836573464488
2024,4,1,31765,8.994774122461829
2024,4,2,50214,12.118253873421756
2024,4,3,58825,11.64027199320017
2024,4,4,54145,10.057327546403176
2024,4,5,52549,9.56830767474167
2024,4,6,45609,11.020741520313972
2024,4,7,42036,9.581977352745266
2024,5,1,34140,10.693643819566491
2024,5,2,42098,13.897904888593283
2024,5,3,57432,12.727068533221898
2024,5,4,71026,10.87445442514009
2024,5,5,62604,13.14433582518689
2024,5,6,58136,11.53285399752305
2024,5,7,36506,10.68131266093245
2024,6,1,44445,12.902171222859714
2024,6,2,40857,11.390043321829797
2024,6,3,43398,13.01665975390571
2024,6,4,43561,11.650306466793692
2024,6,5,46536,13.332473783737322
2024,6,6,39922,12.192174740744452
2024,6,7,40322,9.102995883140718
2024,7,1,32406,11.445966796272295
2024,7,2,51137,14.889238711696033
2024,7,3,53808,12.311533600951531
2024,7,4,54688,12.52479520187244
2024,7,5,38158,12.424000209654594
2024,7,6,43715,16.315955621640168
2024,7,7,34605,9.843144054327409
