subreddit,num_comments,num_submissions,total_rows,avg_score,date_range
technology,3210257,54991,3265248,174.33019318534798,2023-06-01 to 2024-07-31
Costco,1412000,40291,1452291,45.66718183214635,2023-06-01 to 2024-07-31
apple,748465,54301,802766,19.604962531853403,2023-06-01 to 2024-07-31
GooglePixel,672672,54159,726831,4.256893200735637,2023-06-01 to 2024-07-31
BuyItForLife,589259,19332,608591,23.01432560622074,2023-06-01 to 2024-07-31
headphones,415682,43267,458949,7.167018276623836,2023-06-01 to 2024-07-31
samsung,343219,50562,393781,2.6385850906067736,2023-06-01 to 2024-07-31
audiophile,348344,29415,377759,7.601092980250436,2023-06-01 to 2024-07-31
gadgets,331981,6434,338415,131.2233032248325,2023-06-01 to 2024-07-31
running,290129,38962,329091,3.8761063692501203,2023-06-01 to 2024-07-31
Android,270611,44216,314827,8.197840151479923,2023-06-01 to 2024-07-31
airpods,147280,21438,168718,5.415723212965003,2023-06-01 to 2024-07-31
Earbuds,63472,11317,74789,1.351827234488364,2023-06-01 to 2024-07-31
audio,51332,14601,65933,1.170349201564547,2023-06-01 to 2024-07-31
bose,51744,6806,58550,1.870797837942112,2023-06-01 to 2024-07-31
sony,35521,9113,44634,1.4075024629145014,2023-06-01 to 2024-07-31
JBL,33540,7587,41127,1.5231802798921892,2023-06-01 to 2024-07-31
bluetooth,2338,1192,3530,1.0719937163066007,2023-06-01 to 2024-07-31
