,battery,anc,comfort,price,durability,connectivity,sound
Cluster 0,1.0000448,0.5630789,0.011987433,-1.6182661e-05,1.0594726e-05,0.02498477,0.04692708
Cluster 1,4.7542155e-05,1.0000672,-4.125014e-05,-8.46833e-05,-1.4528632e-05,-7.151812e-05,0.07651855
Cluster 2,0.05021594,5.7160854e-05,0.058102444,0.1417299,0.08371851,-1.1473894e-06,1.0000095
Cluster 3,0.044581126,0.81288433,1.0000033,0.18650521,0.1363149,0.07020643,0.14859568
Cluster 4,-6.891787e-06,0.7966385,1.6503036e-06,0.9999124,0.09601469,0.066384725,0.125127
Cluster 5,0.08508184,0.9999818,1.6093254e-06,-1.8179417e-05,1.0000523,0.07155494,0.11971502
Cluster 6,0.10322434,0.26247668,0.038758896,0.09173268,0.038865216,0.9999092,0.34434333
Cluster 7,0.2930345,1.50203705e-05,0.04047069,0.08718489,1.0000215,0.20884654,0.056451634
Cluster 8,0.99999243,0.67140245,0.12411346,0.9999899,0.22355159,0.20934671,0.23887897
