feature,total_comments,total_emotion_hits,anger,anger_pct,anticipation,anticipation_pct,disgust,disgust_pct,fear,fear_pct,joy,joy_pct,sadness,sadness_pct,surprise,surprise_pct,trust,trust_pct,positive,positive_pct,negative,negative_pct
anc,72857,67259,2489,3.7006199913766182,4459,6.629596039191781,1515,2.252486656060899,280,0.4163011641564697,18683,27.777695178340444,1952,2.9022138301193894,0,0.0,12311,18.303870114036783,19663,29.234749252888086,5907,8.782467773829525
battery,73226,67337,3992,5.928390038166238,3730,5.539302315220458,2332,3.4631777477464096,218,0.3237447465732064,16303,24.21105781368341,3742,5.557123126958433,0,0.0,11040,16.39514679893669,17273,25.651573429169698,8707,12.930483983545452
sound_quality,98627,76179,1526,2.0031767284947293,6359,8.347444833878102,1502,1.9716719830924534,268,0.3518029903254178,22822,29.958387482114496,1615,2.1200068260281704,0,0.0,13703,17.987896926974624,23609,30.991480591764137,4775,6.268131637327873
comfort,58742,52509,1538,2.929021691519549,4193,7.985297758479498,1157,2.20343179264507,221,0.4208802300558,15048,28.65794435239673,1178,2.2434249366775223,0,0.0,9476,18.046430135786245,15731,29.958673751166465,3967,7.554895351273115
mic_quality,37988,29356,933,3.178225916337376,1874,6.383703501839488,842,2.8682381795884995,153,0.5211881727755825,8042,27.394740427851204,849,2.8920833901076444,0,0.0,5502,18.74233546804742,8489,28.91742744243085,2672,9.102057501021937
connectivity,47580,38619,4232,10.958336570082084,2128,5.510241073046946,1006,2.604935394494938,147,0.38064165307232195,8350,21.62148165410808,1488,3.853025712732075,0,0.0,5745,14.876097257826459,8989,23.27610761542246,6534,16.919133069214634
durability,64547,64662,2379,3.67913148371532,2834,4.382790510655408,1190,1.840338993535616,397,0.613961832297176,10175,15.735671646407473,13114,20.28084500943367,0,0.0,6745,10.431165135628344,11023,17.047106492221086,16805,25.9889888961059
water_resistance,17805,20200,2378,11.772277227722771,1037,5.133663366336633,363,1.7970297029702968,92,0.4554455445544554,3912,19.366336633663366,2307,11.42079207920792,0,0.0,2561,12.678217821782178,4215,20.866336633663366,3335,16.50990099009901
multipoint,2283,2529,193,7.631474891261368,127,5.021747726374061,49,1.937524713325425,5,0.19770660340055357,668,26.413602214313958,47,1.8584420719652037,0,0.0,455,17.991300909450374,698,27.59984183471728,287,11.348359035191775
transparency,7068,7487,321,4.287431548016562,401,5.355950313877387,178,2.3774542540403365,10,0.13356484573260316,2135,28.516094563910777,165,2.2038199545879524,0,0.0,1413,18.872712702016827,2212,29.544543876051822,652,8.708427941765727
touch_controls,2915,3237,197,6.085881989496447,213,6.580166821130677,79,2.4405313561940067,9,0.27803521779425394,860,26.567809700339822,72,2.2242817423540315,0,0.0,570,17.608897126969417,895,27.6490577695397,342,10.56533827618165
app,5203,4380,376,8.584474885844749,227,5.182648401826484,139,3.1735159817351595,11,0.2511415525114155,1018,23.24200913242009,139,3.1735159817351595,0,0.0,721,16.461187214611872,1114,25.4337899543379,635,14.49771689497717
case,2221,1445,134,9.273356401384083,69,4.775086505190312,23,1.591695501730104,5,0.34602076124567477,292,20.207612456747405,132,9.134948096885813,0,0.0,206,14.2560553633218,323,22.35294117647059,261,18.06228373702422
price,108380,87705,2565,2.9245767060030783,6264,7.142124166239097,1868,2.129867168348441,419,0.4777378712730175,24716,28.180833475856566,2490,2.839062767231059,0,0.0,16195,18.46530984550482,26128,29.79077589647112,7060,8.049712103072801
