feature,yyyymm,total_emotion_hits,anger,anger_pct,anticipation,anticipation_pct,disgust,disgust_pct,fear,fear_pct,joy,joy_pct,sadness,sadness_pct,surprise,surprise_pct,trust,trust_pct,positive,positive_pct,negative,negative_pct
anc,202401,5844,214,3.661875427789185,365,6.245722108145106,134,2.292950034223135,43,0.7357973990417522,1610,27.54962354551677,160,2.737850787132101,0,0.0,1084,18.548939082819988,1701,29.10677618069815,533,9.120465434633813
anc,202407,5108,183,3.5826155050900548,349,6.832419733750979,100,1.957713390759593,16,0.31323414252153486,1438,28.151918559122947,138,2.701644479248238,0,0.0,959,18.774471417384493,1512,29.60062646828504,413,8.085356303837118
anc,202405,4605,176,3.8219326818675357,301,6.536373507057547,107,2.3235613463626494,10,0.21715526601520088,1273,27.64386536373507,143,3.1053203040173725,0,0.0,845,18.349619978284473,1331,28.903365906623236,419,9.098805646036915
anc,202310,5602,220,3.9271688682613353,374,6.676187076044269,146,2.606212067118886,25,0.44626918957515177,1536,27.418779007497324,167,2.9810781863620135,0,0.0,994,17.74366297750803,1613,28.793288111388787,527,9.4073545162442
anc,202312,5629,189,3.3576123645407714,415,7.372535086160953,114,2.0252265055960206,27,0.4796589092201101,1601,28.441996802273938,147,2.6114762835317107,0,0.0,1005,17.853970509859654,1681,29.863208385148337,450,7.994315153668502
anc,202406,5090,159,3.1237721021611002,373,7.328094302554028,101,1.9842829076620823,22,0.4322200392927309,1449,28.467583497053045,121,2.3772102161100195,0,0.0,958,18.821218074656187,1522,29.901768172888016,385,7.56385068762279
anc,202309,4633,186,4.014677314914742,316,6.820634578027196,102,2.20159723721131,19,0.4101014461472048,1273,27.476796891862726,137,2.9570472695877403,0,0.0,830,17.914957910641053,1346,29.052449816533567,424,9.151737535074465
anc,202311,5661,237,4.186539480657127,358,6.323971029853383,167,2.9500088323617732,20,0.35329447094152977,1537,27.15068009185656,162,2.8616852146263914,0,0.0,1019,18.00035329447094,1608,28.404875463698993,553,9.768592121533299
anc,202404,4772,163,3.415758591785415,286,5.993294216261526,87,1.8231349538977366,17,0.3562447611064543,1349,28.26906957250629,147,3.080469404861693,0,0.0,909,19.04861693210394,1420,29.7569153394803,394,8.256496227996648
anc,202307,3517,120,3.4119988626670454,244,6.937731020756327,93,2.6442991185669604,13,0.3696332101222633,972,27.63719078760307,86,2.4452658515780494,0,0.0,659,18.737560420813193,1031,29.314756895081036,299,8.501563832812057
anc,202308,3783,145,3.8329368226275444,271,7.163626751255617,73,1.929685434840074,9,0.23790642347343377,1051,27.782183452286546,129,3.409992069785884,0,0.0,665,17.578641289981498,1101,29.103885804916736,339,8.961141950832673
anc,202306,2765,128,4.6292947558770345,177,6.401446654611212,80,2.8933092224231465,10,0.3616636528028933,718,25.96745027124774,109,3.942133815551537,0,0.0,471,17.034358047016273,768,27.77576853526221,304,10.994575045207956
anc,202402,5359,197,3.6760589662250416,314,5.859302108602351,109,2.0339615599925356,22,0.4105243515581265,1486,27.729053927971638,171,3.190893823474529,0,0.0,1029,19.201343534241463,1576,29.408471729800333,455,8.490389998133981
anc,202403,4891,172,3.5166632590472298,316,6.460846452668166,102,2.0854630954814968,27,0.5520343488039257,1390,28.41954610509098,135,2.760171744019628,0,0.0,884,18.074013494172974,1453,29.707626252300145,412,8.423635248415456
battery,202307,3939,220,5.585173902005585,235,5.965981213505966,177,4.493526275704494,9,0.2284843869002285,933,23.686214775323684,216,5.483625285605483,0,0.0,617,15.663874079715665,992,25.184056867225184,540,13.709063214013709
battery,202404,4367,279,6.388825280512939,214,4.90038928326082,126,2.885275933134875,17,0.38928326081978476,1039,23.79207694069155,268,6.136936111747195,0,0.0,735,16.830776276620103,1110,25.41790702999771,579,13.258529883215022
battery,202306,3405,193,5.668135095447871,201,5.903083700440528,135,3.9647577092511015,9,0.2643171806167401,804,23.612334801762113,203,5.961820851688692,0,0.0,537,15.770925110132158,855,25.11013215859031,468,13.744493392070483
battery,202309,5571,289,5.1875785316819245,350,6.282534553940048,221,3.966971818345001,17,0.30515167833423085,1375,24.68138574762161,277,4.972177346975409,0,0.0,885,15.885837372105547,1461,26.225094238018308,696,12.49326871297792
battery,202311,6041,392,6.488991888760139,358,5.926171163714617,210,3.476245654692932,19,0.31451746399602715,1462,24.201291176957458,332,5.4957788445621585,0,0.0,946,15.659658996854825,1532,25.360039728521766,790,13.077305081940077
battery,202407,4323,247,5.713624797594264,243,5.621096460791118,131,3.0303030303030303,13,0.3007170946102244,1041,24.080499653018737,280,6.476983576220217,0,0.0,713,16.49317603516077,1097,25.37589636826278,558,12.907702984038863
battery,202312,5206,298,5.724164425662697,279,5.359200922013062,169,3.2462543219362274,14,0.2689204763734153,1283,24.644640799077987,285,5.474452554744526,0,0.0,877,16.845946984248943,1356,26.046868997310796,645,12.389550518632348
battery,202401,5993,329,5.489738027698983,316,5.27281828800267,203,3.387285166027031,23,0.383781077924245,1493,24.912397797430337,293,4.889037210078425,0,0.0,1008,16.819622893375605,1585,26.447522109127313,743,12.397797430335391
battery,202403,4340,239,5.506912442396313,217,5.0,118,2.71889400921659,19,0.4377880184331797,1082,24.930875576036865,243,5.599078341013826,0,0.0,745,17.165898617511523,1151,26.520737327188943,526,12.119815668202765
battery,202308,3818,242,6.338397066526978,206,5.395495023572551,140,3.666841278156103,12,0.3143006809848088,896,23.467784180199057,224,5.866946045049764,0,0.0,617,16.16029334730225,957,25.065479308538503,524,13.724463069669984
battery,202310,6923,462,6.673407482305358,402,5.806731185902065,301,4.3478260869565215,22,0.3177813086812076,1604,23.169146323848043,391,5.647840531561462,0,0.0,1075,15.527950310559005,1703,24.599162212913477,963,13.910154557272858
battery,202402,5324,322,6.048084147257701,305,5.7287753568745305,165,3.0991735537190084,21,0.39444027047332836,1304,24.492862509391436,287,5.3906836964688205,0,0.0,886,16.641622839969948,1377,25.864012021036814,657,12.340345604808414
battery,202406,4102,243,5.923939541686981,210,5.1194539249146755,109,2.6572403705509506,18,0.43881033642125794,1010,24.62213554363725,227,5.533885909312531,0,0.0,710,17.308629936616285,1065,25.962944904924427,510,12.432959531935643
battery,202405,3985,237,5.947302383939774,194,4.868255959849435,127,3.1869510664993723,5,0.12547051442910914,977,24.51693851944793,216,5.420326223337516,0,0.0,689,17.28983688833124,1032,25.897114178168128,508,12.74780426599749
sound_quality,202312,7143,132,1.8479630407391854,630,8.81982360352793,128,1.7919641607167858,33,0.46199076018479635,2149,30.08539829203416,163,2.2819543609127817,0,0.0,1249,17.48565028699426,2216,31.02337953240935,443,6.2018759624807505
sound_quality,202407,5133,129,2.5131502045587375,434,8.455094486654978,99,1.928696668614845,29,0.5649717514124294,1513,29.475939996103644,109,2.123514513929476,0,0.0,906,17.650496785505553,1560,30.391583869082407,354,6.896551724137931
sound_quality,202307,4580,84,1.8340611353711789,395,8.624454148471617,94,2.052401746724891,12,0.26200873362445415,1377,30.06550218340611,93,2.03056768558952,0,0.0,824,17.99126637554585,1422,31.048034934497814,279,6.091703056768559
sound_quality,202309,5130,109,2.124756335282651,432,8.421052631578947,121,2.358674463937622,12,0.23391812865497078,1535,29.922027290448344,97,1.8908382066276805,0,0.0,901,17.563352826510723,1588,30.955165692007796,335,6.530214424951267
sound_quality,202404,5764,119,2.0645385149201942,476,8.258154059680777,121,2.099236641221374,17,0.29493407356002777,1705,29.580152671755727,133,2.3074253990284523,0,0.0,1046,18.147120055517004,1772,30.742539902845245,375,6.5058986814712005
sound_quality,202310,6287,176,2.7994273898520756,523,8.31875298234452,140,2.2268172419277876,20,0.3181167488468268,1850,29.425799268331478,126,2.0041355177350084,0,0.0,1097,17.44870367424845,1911,30.3960553523143,444,7.062191824399555
sound_quality,202401,6841,93,1.3594503727525216,618,9.033766993129658,121,1.7687472591726354,30,0.438532378307265,2080,30.404911562637043,155,2.2657506212542025,0,0.0,1219,17.819032305218535,2135,31.208887589533695,390,5.700920917994445
sound_quality,202403,5373,99,1.8425460636515913,443,8.244928345430857,90,1.675041876046901,17,0.3163967988088591,1637,30.46715056765308,106,1.972827098455239,0,0.0,990,18.425460636515915,1695,31.546621998883307,296,5.509026614554253
sound_quality,202306,2693,69,2.5621982918678055,232,8.614927590048273,61,2.265131823245451,6,0.22279985146676567,790,29.335313776457483,66,2.4507983661344226,0,0.0,454,16.858522094318605,817,30.33791310805793,198,7.352395098403268
sound_quality,202405,4814,109,2.264229331117574,363,7.540506855006232,103,2.139592854175322,14,0.29081844619858743,1426,29.621936019941835,109,2.264229331117574,0,0.0,882,18.321562110511007,1478,30.70211882010802,330,6.855006231823848
sound_quality,202311,6232,129,2.069961489088575,491,7.878690629011553,140,2.246469833119384,24,0.38510911424903727,1855,29.765725288831835,133,2.1341463414634148,0,0.0,1122,18.00385109114249,1921,30.824775353016687,417,6.691270860077021
sound_quality,202402,6397,101,1.5788650930123498,505,7.8943254650617485,112,1.7508206972018134,28,0.43770517430045336,1950,30.483038924495858,122,1.9071439737376894,0,0.0,1213,18.96201344380178,2017,31.530404877286227,349,5.455682351102079
sound_quality,202308,4548,83,1.8249780123131047,374,8.22339489885664,75,1.6490765171503958,9,0.1978891820580475,1374,30.21108179419525,105,2.308707124010554,0,0.0,834,18.337730870712402,1430,31.442392260334213,264,5.804749340369393
sound_quality,202406,5244,94,1.792524790236461,443,8.447749809305874,97,1.8497330282227307,17,0.32418001525553014,1581,30.148741418764303,98,1.8688024408848207,0,0.0,966,18.421052631578945,1647,31.407322654462245,301,5.739893211289092
comfort,202404,3781,98,2.5919069029357313,317,8.384025390108436,82,2.1687384289870404,11,0.29092832583972494,1090,28.828352287754562,88,2.3274266067177996,0,0.0,685,18.116900290928324,1141,30.177201798466015,269,7.114519968262364
comfort,202309,3654,95,2.5998905309250135,322,8.812260536398467,91,2.490421455938697,16,0.4378762999452655,1047,28.653530377668307,82,2.2441160372194857,0,0.0,626,17.13191023535851,1099,30.07662835249042,276,7.55336617405583
comfort,202310,4394,141,3.2089212562585345,364,8.284023668639055,93,2.116522530723714,23,0.5234410559854347,1266,28.812016385980883,92,2.0937642239417387,0,0.0,760,17.29631315430132,1317,29.97269003186163,338,7.6923076923076925
comfort,202312,4570,134,2.9321663019693656,373,8.161925601750546,91,1.9912472647702406,24,0.5251641137855579,1323,28.949671772428886,105,2.297592997811816,0,0.0,806,17.63676148796499,1374,30.065645514223192,340,7.439824945295405
comfort,202405,3556,114,3.2058492688413947,287,8.070866141732283,80,2.249718785151856,8,0.22497187851518563,1011,28.430821147356582,85,2.390326209223847,0,0.0,639,17.96962879640045,1050,29.527559055118108,282,7.930258717660292
comfort,202307,2839,80,2.8178936245156745,234,8.242338851708347,62,2.1838675589996477,6,0.21134202183867556,825,29.059528002817892,60,2.113420218386756,0,0.0,511,17.99929552659387,858,30.221909122930608,203,7.150405072208524
comfort,202406,3823,98,2.5634318597959718,319,8.34423227831546,72,1.8833376929113261,17,0.4446769552707298,1095,28.642427413026418,85,2.2233847763536487,0,0.0,713,18.650274653413547,1162,30.394977766152238,262,6.8532566047606585
comfort,202403,3585,103,2.8730822873082285,299,8.340306834030683,82,2.287308228730823,26,0.7252440725244073,1036,28.89818688981869,66,1.8410041841004186,0,0.0,630,17.573221757322173,1075,29.9860529986053,268,7.475592747559275
comfort,202401,4571,117,2.559614963902866,356,7.788230146576241,123,2.6908772697440386,18,0.3937869175235178,1307,28.5933056224021,96,2.100196893458762,0,0.0,845,18.48610807263181,1366,29.884051629840297,343,7.503828483920367
comfort,202306,2189,81,3.7003197807217907,169,7.720420283234354,62,2.8323435358611238,3,0.13704888076747374,603,27.546825034262216,60,2.7409776153494745,0,0.0,374,17.08542713567839,641,29.282777523983555,196,8.953860210141617
comfort,202311,4549,163,3.5832051000219827,339,7.45218729391075,121,2.6599252582985273,17,0.37370850736425587,1276,28.05012090569356,100,2.198285337436799,0,0.0,808,17.76214552648934,1330,29.237194987909433,395,8.683227082875357
comfort,202407,3831,130,3.393369877316627,279,7.282693813625684,61,1.592273557817802,23,0.6003654398329418,1089,28.425998433829285,87,2.2709475332811273,0,0.0,733,19.133385539023752,1139,29.731140694335682,290,7.569825110937092
comfort,202402,4290,109,2.5407925407925407,308,7.179487179487179,84,1.9580419580419581,20,0.4662004662004662,1245,29.02097902097902,99,2.307692307692308,0,0.0,822,19.16083916083916,1304,30.396270396270396,299,6.969696969696971
comfort,202308,2877,75,2.6068821689259645,227,7.890163364615919,53,1.8421967327076814,9,0.31282586027111575,835,29.023288147375737,73,2.537365311087939,0,0.0,524,18.21341675356274,875,30.413625304136254,206,7.1602363573166485
mic_quality,202404,2242,64,2.8545941123996434,122,5.44157002676182,53,2.3639607493309547,9,0.40142729705619984,637,28.412132024977698,63,2.8099910793933986,0,0.0,443,19.75914362176628,669,29.83942908117752,182,8.117752007136485
mic_quality,202407,2187,68,3.1092821216278006,126,5.761316872427984,68,3.1092821216278006,20,0.9144947416552356,585,26.74897119341564,59,2.6977594878829447,0,0.0,429,19.615912208504803,624,28.532235939643346,208,9.510745313214448
mic_quality,202312,2390,66,2.761506276150628,175,7.322175732217573,65,2.7196652719665275,12,0.502092050209205,664,27.78242677824268,69,2.8870292887029287,0,0.0,440,18.410041841004183,695,29.079497907949794,204,8.535564853556485
mic_quality,202309,1945,73,3.7532133676092547,137,7.043701799485862,70,3.5989717223650386,11,0.5655526992287918,498,25.604113110539846,72,3.7017994858611827,0,0.0,330,16.966580976863753,530,27.249357326478147,224,11.516709511568124
mic_quality,202306,1321,52,3.936411809235428,82,6.207418622255867,45,3.4065102195306585,5,0.3785011355034065,350,26.495079485238453,40,3.028009084027252,0,0.0,234,17.713853141559426,374,28.311884935654806,139,10.522331566994701
mic_quality,202403,2047,52,2.5403028822667317,124,6.057645334636053,43,2.1006350757205667,18,0.8793356130923302,585,28.578407425500735,55,2.68685881778212,0,0.0,394,19.247679531021006,614,29.995114802149487,162,7.914020517830972
mic_quality,202310,2469,88,3.564196030781693,175,7.087889833940866,79,3.19967598217902,11,0.44552450384771164,667,27.014985824220332,74,2.9971648440664236,0,0.0,441,17.861482381530987,698,28.27055488051843,236,9.55852571891454
mic_quality,202406,2269,74,3.261348611723226,148,6.522697223446452,57,2.51211987659762,6,0.2644336712208021,626,27.589246364037024,54,2.379903040987219,0,0.0,451,19.87659762009696,671,29.57249889819304,182,8.021154693697664
mic_quality,202311,2428,77,3.1713344316309717,157,6.466227347611203,93,3.8303130148270177,8,0.3294892915980231,659,27.14168039538715,62,2.5535420098846786,0,0.0,447,18.410214168039538,693,28.542009884678748,232,9.555189456342669
mic_quality,202308,1608,63,3.9179104477611943,98,6.0945273631840795,30,1.8656716417910446,4,0.24875621890547264,442,27.487562189054728,49,3.0472636815920398,0,0.0,314,19.5273631840796,468,29.1044776119403,140,8.706467661691542
mic_quality,202402,2422,63,2.601156069364162,148,6.11065235342692,62,2.559867877786953,21,0.8670520231213872,678,27.993393889347644,66,2.725020644095789,0,0.0,468,19.322873658133773,714,29.47976878612717,202,8.340214698596201
mic_quality,202405,1847,64,3.4650785056848945,112,6.063887384948565,54,2.9236599891716297,8,0.4331348132106118,498,26.962642122360585,64,3.4650785056848945,0,0.0,338,18.299945858148348,525,28.424472116946397,184,9.962100703844072
mic_quality,202401,2594,68,2.621434078643022,173,6.669236700077101,70,2.6985350809560527,12,0.4626060138781804,726,27.987663839629917,72,2.7756360832690823,0,0.0,490,18.88974556669237,768,29.606784888203546,215,8.288357748650732
mic_quality,202307,1587,61,3.843730308758664,97,6.112161310649023,53,3.3396345305608066,8,0.5040957781978576,427,26.906112161310645,50,3.1505986137366095,0,0.0,283,17.832388153749214,446,28.10333963453056,162,10.207939508506616
connectivity,202407,2789,341,12.226604517748296,146,5.2348512011473645,60,2.151308712800287,10,0.35855145213338113,581,20.831839368949446,124,4.446038006453926,0,0.0,406,14.557188956615274,620,22.230190032269633,501,17.963427751882396
connectivity,202311,3385,382,11.285081240768093,183,5.406203840472674,109,3.2200886262924664,13,0.38404726735598227,715,21.122599704579027,142,4.194977843426884,0,0.0,476,14.062038404726735,761,22.481536189069423,604,17.843426883308716
connectivity,202312,3273,357,10.907424381301558,207,6.3244729605866175,89,2.7192178429575313,12,0.36663611365719523,706,21.57042468683165,117,3.5747021081576533,0,0.0,477,14.57378551787351,762,23.281393217231898,546,16.681943171402384
connectivity,202306,1843,210,11.394465545306566,98,5.317417254476397,67,3.6353771025501898,5,0.27129679869777534,387,20.998372219207813,65,3.5268583830710796,0,0.0,253,13.727618014107435,421,22.843190450352687,337,18.28540423223006
connectivity,202403,3071,319,10.387495929664604,178,5.7961576033865185,59,1.9211983067404754,10,0.32562683165092804,707,23.021816997720613,94,3.060892217518724,0,0.0,483,15.727775968739824,761,24.780201888635624,460,14.978834255942688
connectivity,202309,2461,284,11.540024380333199,123,4.997968305566842,75,3.04754164973588,14,0.5688744412840309,510,20.723283218203985,91,3.6976838683462008,0,0.0,359,14.587566030069077,556,22.592442096708652,449,18.244616009752132
connectivity,202308,2181,264,12.104539202200826,108,4.951856946354883,56,2.567629527739569,12,0.5502063273727648,438,20.082530949105916,101,4.630903255387437,0,0.0,312,14.305364511691884,478,21.916552040348463,412,18.890417239798257
connectivity,202406,2649,276,10.419026047565119,167,6.304265760664402,59,2.2272555681389203,10,0.3775009437523594,587,22.159305398263495,89,3.3597583993959983,0,0.0,402,15.175537938844846,639,24.122310305775766,420,15.855039637599095
connectivity,202307,1907,220,11.536444677503933,102,5.348715259570006,52,2.7267960146827477,7,0.36706869428421607,398,20.87047718930257,89,4.667016255899319,0,0.0,261,13.686418458311483,424,22.233875196643943,354,18.563188253801783
connectivity,202310,3459,367,10.610002891008962,192,5.5507372072853425,106,3.06446949985545,15,0.43365134431916735,737,21.30673605088176,135,3.902862098872507,0,0.0,523,15.119976871928303,803,23.214801965886096,581,16.79676206996242
connectivity,202401,3275,345,10.534351145038167,197,6.015267175572519,72,2.198473282442748,14,0.4274809160305344,741,22.625954198473284,105,3.2061068702290076,0,0.0,497,15.175572519083968,792,24.183206106870227,512,15.633587786259543
connectivity,202405,2679,261,9.742441209406495,142,5.300485255692423,61,2.2769690182904068,7,0.2612915266890631,606,22.620380739081746,107,3.994027622247107,0,0.0,424,15.826801045166105,650,24.262784621127288,421,15.714818962299365
connectivity,202402,2886,301,10.42966042966043,138,4.781704781704782,75,2.598752598752599,12,0.4158004158004158,652,22.59182259182259,94,3.2571032571032568,0,0.0,463,16.042966042966043,688,23.839223839223838,463,16.042966042966043
connectivity,202404,2761,305,11.046722202100687,147,5.324157913799348,66,2.3904382470119523,6,0.21731256791017745,585,21.187975371242302,135,4.889532777978993,0,0.0,409,14.813473379210432,634,22.962694675842084,474,17.16769286490402
durability,202401,6118,207,3.3834586466165413,291,4.756456358287022,117,1.9123896698267406,41,0.6701536449820202,978,15.985616214449166,1208,19.745014710689766,0,0.0,647,10.575351422033345,1078,17.620137299771166,1551,25.351422033344228
durability,202310,5099,213,4.177289664640125,214,4.196901353206512,105,2.0592272994704843,39,0.764855854089037,782,15.336340458913513,1028,20.16081584624436,0,0.0,514,10.08040792312218,841,16.49343008433026,1363,26.730731515983525
durability,202307,3832,116,3.02713987473904,162,4.227557411273486,76,1.9832985386221296,19,0.4958246346555324,582,15.187891440501044,835,21.790187891440503,0,0.0,391,10.203549060542798,620,16.17954070981211,1031,26.905010438413363
durability,202306,2823,111,3.9319872476089266,133,4.711300035423308,73,2.585901523202267,12,0.4250797024442083,482,17.074034714842366,497,17.605384342897626,0,0.0,307,10.87495572086433,532,18.845200141693233,676,23.94615657102373
durability,202407,4725,186,3.9365079365079367,219,4.634920634920634,73,1.5449735449735449,29,0.6137566137566138,782,16.55026455026455,913,19.322751322751323,0,0.0,510,10.793650793650794,830,17.566137566137566,1183,25.037037037037035
durability,202404,5026,168,3.3426183844011144,226,4.4966175885395945,80,1.591723040191007,25,0.4974134500596896,844,16.79267807401512,985,19.59808993235177,0,0.0,558,11.102268205332273,908,18.066056506167925,1232,24.512534818941504
durability,202309,4531,160,3.5312293092032663,199,4.3919664533215625,97,2.14080776870448,25,0.5517545795630104,707,15.603619510041932,923,20.37077907746634,0,0.0,465,10.262635179871992,773,17.06025160008828,1182,26.08695652173913
durability,202311,5260,224,4.258555133079848,234,4.448669201520913,122,2.319391634980988,34,0.6463878326996197,833,15.836501901140684,1019,19.372623574144487,0,0.0,533,10.133079847908744,890,16.920152091254753,1371,26.06463878326996
durability,202312,5627,186,3.3054913808423674,215,3.820863692909188,95,1.6882886084947573,36,0.639772525324329,852,15.141283099342456,1212,21.539008352585746,0,0.0,601,10.68064688110894,921,16.367513772880756,1509,26.817131686511463
durability,202403,4396,176,4.003639672429482,187,4.253867151956324,75,1.7060964513193813,33,0.7506824385805277,650,14.786169244767972,941,21.40582347588717,0,0.0,411,9.349408553230209,712,16.19654231119199,1211,27.547770700636942
durability,202406,4217,143,3.3910362817168602,209,4.956129950201565,73,1.7310884515058098,38,0.9011145364002845,700,16.599478302110505,800,18.970832345269148,0,0.0,453,10.742233815508657,766,18.16457197059521,1035,24.54351434669196
durability,202402,4894,173,3.534940743767879,219,4.474867184307315,74,1.5120555782590928,33,0.6742950551695954,785,16.040049039640376,984,20.106252554147936,0,0.0,533,10.890886800163466,847,17.306906416019615,1246,25.459746628524726
durability,202308,4013,143,3.563418888612011,152,3.787690007475704,56,1.395464739596312,17,0.423623224520309,573,14.27859456765512,927,23.099925242960378,0,0.0,395,9.843010216795415,627,15.624221280837277,1123,27.98405183154747
durability,202405,4101,173,4.218483296756888,174,4.242867593269934,74,1.8044379419653742,16,0.3901487442087296,625,15.240185320653499,842,20.531577663984393,0,0.0,427,10.41209461107047,678,16.532553035844916,1092,26.627651792245793
water_resistance,202306,985,116,11.776649746192893,65,6.598984771573605,26,2.6395939086294415,2,0.20304568527918782,192,19.49238578680203,105,10.65989847715736,0,0.0,108,10.964467005076143,203,20.609137055837564,168,17.055837563451774
water_resistance,202310,1976,269,13.613360323886639,74,3.7449392712550607,44,2.2267206477732793,8,0.4048582995951417,347,17.560728744939272,262,13.259109311740891,0,0.0,241,12.196356275303643,375,18.977732793522268,356,18.016194331983808
water_resistance,202308,1228,153,12.45928338762215,61,4.96742671009772,13,1.0586319218241043,5,0.40716612377850164,233,18.973941368078176,147,11.970684039087947,0,0.0,166,13.517915309446254,251,20.439739413680783,199,16.205211726384363
water_resistance,202403,1437,151,10.508002783576895,77,5.358385525400139,21,1.4613778705636742,11,0.7654836464857342,282,19.624217118997915,163,11.343075852470424,0,0.0,185,12.874043145441894,314,21.851078636047323,233,16.214335421016006
water_resistance,202312,1638,188,11.477411477411477,72,4.395604395604396,20,1.221001221001221,4,0.2442002442002442,339,20.695970695970693,174,10.622710622710622,0,0.0,235,14.346764346764346,360,21.978021978021978,246,15.018315018315018
water_resistance,202311,1874,239,12.753468516542155,108,5.76307363927428,37,1.9743863393810033,5,0.26680896478121663,347,18.516542155816435,224,11.953041622198505,0,0.0,218,11.632870864461047,372,19.850586979722518,324,17.28922091782284
water_resistance,202407,1446,183,12.655601659751037,67,4.633471645919779,20,1.3831258644536653,6,0.4149377593360996,279,19.294605809128633,172,11.89488243430152,0,0.0,176,12.171507607192254,295,20.40110650069156,248,17.15076071922545
water_resistance,202402,1624,202,12.438423645320198,74,4.556650246305419,32,1.9704433497536946,8,0.49261083743842365,307,18.90394088669951,193,11.88423645320197,0,0.0,201,12.376847290640395,328,20.19704433497537,279,17.179802955665025
water_resistance,202307,1182,126,10.65989847715736,66,5.583756345177665,30,2.5380710659898478,4,0.338409475465313,233,19.712351945854483,127,10.744500846023689,0,0.0,152,12.859560067681894,250,21.150592216582066,194,16.412859560067684
water_resistance,202401,1558,173,11.10397946084724,72,4.621309370988447,33,2.1181001283697047,12,0.7702182284980745,304,19.51219512195122,162,10.397946084724005,0,0.0,208,13.350449293966623,336,21.566110397946083,258,16.5596919127086
water_resistance,202405,1177,128,10.875106202209006,60,5.097706032285472,23,1.954120645709431,2,0.16992353440951571,237,20.135938827527614,126,10.70518266779949,0,0.0,158,13.423959218351742,255,21.665250637213255,188,15.972812234494477
water_resistance,202406,1320,139,10.53030303030303,81,6.136363636363637,18,1.3636363636363635,9,0.6818181818181818,274,20.757575757575758,134,10.151515151515152,0,0.0,174,13.18181818181818,294,22.272727272727273,197,14.924242424242424
water_resistance,202309,1370,150,10.948905109489052,77,5.62043795620438,26,1.897810218978102,6,0.43795620437956206,274,20.0,157,11.459854014598541,0,0.0,168,12.262773722627736,296,21.605839416058394,216,15.766423357664234
water_resistance,202404,1385,161,11.624548736462094,83,5.992779783393502,20,1.444043321299639,10,0.7220216606498195,264,19.061371841155232,161,11.624548736462094,0,0.0,171,12.346570397111915,286,20.649819494584836,229,16.534296028880867
multipoint,202311,213,21,9.859154929577464,12,5.633802816901409,4,1.8779342723004695,0,0.0,54,25.352112676056336,5,2.3474178403755865,0,0.0,32,15.023474178403756,55,25.821596244131456,30,14.084507042253522
multipoint,202406,232,17,7.327586206896551,12,5.172413793103448,10,4.310344827586207,0,0.0,58,25.0,3,1.293103448275862,0,0.0,41,17.67241379310345,61,26.29310344827586,30,12.931034482758621
multipoint,202402,199,14,7.035175879396985,8,4.0201005025125625,5,2.512562814070352,0,0.0,54,27.1356783919598,3,1.507537688442211,0,0.0,40,20.100502512562816,54,27.1356783919598,21,10.552763819095476
multipoint,202310,202,11,5.445544554455446,12,5.9405940594059405,4,1.9801980198019802,4,1.9801980198019802,52,25.742574257425744,7,3.4653465346534658,0,0.0,36,17.82178217821782,53,26.237623762376238,23,11.386138613861387
multipoint,202404,183,8,4.371584699453552,6,3.278688524590164,2,1.092896174863388,0,0.0,54,29.508196721311474,3,1.639344262295082,0,0.0,41,22.404371584699454,56,30.601092896174865,13,7.103825136612022
multipoint,202403,227,15,6.607929515418502,13,5.726872246696035,1,0.4405286343612335,0,0.0,62,27.312775330396477,3,1.3215859030837005,0,0.0,46,20.26431718061674,69,30.396475770925107,18,7.929515418502203
multipoint,202308,133,13,9.774436090225564,6,4.511278195488721,3,2.2556390977443606,0,0.0,36,27.06766917293233,1,0.7518796992481203,0,0.0,21,15.789473684210526,36,27.06766917293233,17,12.781954887218044
multipoint,202306,139,12,8.633093525179856,10,7.194244604316546,4,2.877697841726619,0,0.0,33,23.741007194244602,3,2.158273381294964,0,0.0,21,15.107913669064748,37,26.618705035971225,19,13.66906474820144
multipoint,202312,172,17,9.883720930232558,7,4.069767441860465,1,0.5813953488372093,0,0.0,46,26.744186046511626,4,2.3255813953488373,0,0.0,30,17.441860465116278,46,26.744186046511626,21,12.209302325581394
multipoint,202401,164,15,9.146341463414634,8,4.878048780487805,3,1.8292682926829267,0,0.0,36,21.951219512195124,6,3.6585365853658534,0,0.0,31,18.902439024390244,42,25.609756097560975,23,14.02439024390244
multipoint,202407,197,18,9.137055837563452,7,3.5532994923857872,3,1.5228426395939088,1,0.5076142131979695,48,24.36548223350254,6,3.0456852791878175,0,0.0,35,17.766497461928935,51,25.888324873096447,28,14.213197969543149
multipoint,202405,214,21,9.813084112149532,9,4.205607476635514,7,3.2710280373831773,0,0.0,55,25.70093457943925,2,0.9345794392523363,0,0.0,34,15.887850467289718,56,26.168224299065418,30,14.018691588785046
multipoint,202309,106,5,4.716981132075472,6,5.660377358490567,0,0.0,0,0.0,32,30.18867924528302,1,0.9433962264150944,0,0.0,23,21.69811320754717,33,31.132075471698112,6,5.660377358490567
multipoint,202307,148,6,4.054054054054054,11,7.4324324324324325,2,1.3513513513513513,0,0.0,48,32.432432432432435,0,0.0,0,0.0,24,16.216216216216218,49,33.108108108108105,8,5.405405405405405
transparency,202310,723,22,3.0428769017980635,44,6.085753803596127,18,2.4896265560165975,4,0.5532503457814661,203,28.077455048409405,19,2.627939142461964,0,0.0,139,19.22544951590595,211,29.18395573997234,63,8.71369294605809
transparency,202311,740,46,6.216216216216217,39,5.27027027027027,22,2.9729729729729732,0,0.0,197,26.62162162162162,19,2.5675675675675675,0,0.0,131,17.7027027027027,202,27.297297297297295,84,11.351351351351353
transparency,202312,551,27,4.900181488203267,22,3.9927404718693285,14,2.540834845735027,0,0.0,159,28.85662431941924,8,1.4519056261343013,0,0.0,110,19.96370235934664,164,29.764065335753177,47,8.52994555353902
transparency,202404,469,16,3.411513859275053,25,5.330490405117271,8,1.7057569296375266,0,0.0,143,30.49040511727079,7,1.4925373134328357,0,0.0,94,20.042643923240938,145,30.916844349680172,31,6.609808102345416
transparency,202407,561,23,4.09982174688057,31,5.525846702317291,19,3.3868092691622103,0,0.0,153,27.27272727272727,15,2.6737967914438503,0,0.0,105,18.71657754010695,162,28.87700534759358,53,9.44741532976827
transparency,202406,643,19,2.9548989113530326,33,5.132192846034215,20,3.1104199066874028,2,0.3110419906687403,183,28.46034214618974,16,2.488335925349922,0,0.0,125,19.440124416796266,191,29.704510108864696,54,8.398133748055987
transparency,202306,318,9,2.8301886792452833,21,6.60377358490566,12,3.7735849056603774,1,0.3144654088050315,91,28.61635220125786,8,2.515723270440252,0,0.0,52,16.352201257861633,95,29.874213836477985,29,9.119496855345911
transparency,202403,616,22,3.571428571428571,24,3.896103896103896,10,1.6233766233766231,0,0.0,192,31.16883116883117,10,1.6233766233766231,0,0.0,122,19.805194805194805,195,31.655844155844154,41,6.6558441558441555
transparency,202402,639,23,3.599374021909233,45,7.042253521126761,12,1.8779342723004695,1,0.1564945226917058,186,29.107981220657276,16,2.503912363067293,0,0.0,114,17.84037558685446,193,30.203442879499214,49,7.668231611893583
transparency,202308,406,10,2.4630541871921183,25,6.157635467980295,1,0.24630541871921183,0,0.0,126,31.03448275862069,7,1.7241379310344827,0,0.0,88,21.67487684729064,132,32.51231527093596,17,4.1871921182266005
transparency,202307,251,9,3.5856573705179287,15,5.9760956175298805,9,3.5856573705179287,0,0.0,74,29.482071713147413,2,0.796812749003984,0,0.0,45,17.928286852589643,78,31.07569721115538,19,7.569721115537849
transparency,202405,518,35,6.756756756756757,32,6.177606177606178,9,1.7374517374517375,1,0.19305019305019305,141,27.220077220077222,16,3.088803088803089,0,0.0,81,15.637065637065636,144,27.7992277992278,59,11.389961389961389
transparency,202309,438,26,5.93607305936073,24,5.47945205479452,9,2.054794520547945,0,0.0,118,26.94063926940639,11,2.5114155251141552,0,0.0,81,18.493150684931507,123,28.08219178082192,46,10.50228310502283
transparency,202401,614,34,5.537459283387622,21,3.420195439739414,15,2.44299674267101,1,0.16286644951140067,169,27.524429967426713,11,1.7915309446254073,0,0.0,126,20.521172638436482,177,28.82736156351792,60,9.77198697068404
touch_controls,202404,163,8,4.9079754601226995,8,4.9079754601226995,2,1.2269938650306749,1,0.6134969325153374,48,29.447852760736197,2,1.2269938650306749,0,0.0,30,18.404907975460123,51,31.28834355828221,13,7.975460122699387
touch_controls,202402,399,20,5.012531328320802,26,6.516290726817042,4,1.0025062656641603,1,0.2506265664160401,111,27.819548872180448,11,2.756892230576441,0,0.0,78,19.548872180451127,115,28.82205513784461,33,8.270676691729323
touch_controls,202405,180,7,3.888888888888889,15,8.333333333333332,5,2.7777777777777777,0,0.0,54,30.0,2,1.1111111111111112,0,0.0,28,15.555555555555555,55,30.555555555555557,14,7.777777777777778
touch_controls,202406,229,12,5.240174672489083,12,5.240174672489083,7,3.056768558951965,0,0.0,59,25.76419213973799,6,2.6200873362445414,0,0.0,46,20.087336244541483,63,27.510917030567683,24,10.480349344978166
touch_controls,202312,322,24,7.453416149068323,21,6.521739130434782,7,2.1739130434782608,1,0.3105590062111801,81,25.15527950310559,8,2.484472049689441,0,0.0,57,17.70186335403727,85,26.39751552795031,38,11.801242236024844
touch_controls,202407,345,26,7.536231884057972,25,7.246376811594203,9,2.608695652173913,0,0.0,89,25.79710144927536,5,1.4492753623188406,0,0.0,59,17.101449275362317,93,26.956521739130434,39,11.304347826086957
touch_controls,202310,254,18,7.086614173228346,17,6.692913385826772,8,3.149606299212598,2,0.7874015748031495,62,24.409448818897637,11,4.330708661417323,0,0.0,39,15.354330708661418,62,24.409448818897637,35,13.779527559055119
touch_controls,202401,186,10,5.376344086021505,14,7.526881720430108,4,2.1505376344086025,1,0.5376344086021506,50,26.881720430107524,5,2.6881720430107525,0,0.0,31,16.666666666666664,51,27.419354838709676,20,10.75268817204301
touch_controls,202306,109,7,6.422018348623854,4,3.669724770642202,2,1.834862385321101,0,0.0,30,27.522935779816514,2,1.834862385321101,0,0.0,22,20.18348623853211,32,29.357798165137616,10,9.174311926605505
touch_controls,202308,177,12,6.779661016949152,11,6.214689265536723,3,1.694915254237288,1,0.5649717514124294,49,27.683615819209038,4,2.2598870056497176,0,0.0,28,15.819209039548024,49,27.683615819209038,20,11.299435028248588
touch_controls,202307,125,9,7.199999999999999,15,12.0,2,1.6,0,0.0,34,27.200000000000003,1,0.8,0,0.0,17,13.600000000000001,35,28.000000000000004,12,9.6
touch_controls,202403,206,8,3.8834951456310676,7,3.3980582524271843,3,1.4563106796116505,1,0.48543689320388345,62,30.097087378640776,1,0.48543689320388345,0,0.0,46,22.330097087378643,65,31.55339805825243,13,6.310679611650485
touch_controls,202309,204,10,4.901960784313726,22,10.784313725490197,7,3.431372549019608,0,0.0,51,25.0,5,2.450980392156863,0,0.0,31,15.196078431372548,56,27.450980392156865,22,10.784313725490197
touch_controls,202311,338,26,7.6923076923076925,16,4.733727810650888,16,4.733727810650888,1,0.2958579881656805,80,23.668639053254438,9,2.6627218934911245,0,0.0,58,17.159763313609467,83,24.556213017751478,49,14.497041420118343
app,202406,294,20,6.802721088435375,16,5.442176870748299,8,2.7210884353741496,1,0.3401360544217687,69,23.46938775510204,10,3.4013605442176873,0,0.0,56,19.047619047619047,78,26.53061224489796,36,12.244897959183673
app,202306,167,19,11.377245508982035,9,5.389221556886228,6,3.592814371257485,0,0.0,37,22.15568862275449,2,1.1976047904191618,0,0.0,28,16.766467065868262,39,23.353293413173652,27,16.16766467065868
app,202308,225,19,8.444444444444445,16,7.111111111111111,6,2.666666666666667,2,0.8888888888888888,53,23.555555555555554,6,2.666666666666667,0,0.0,33,14.666666666666666,57,25.333333333333336,33,14.666666666666666
app,202407,355,27,7.605633802816901,14,3.943661971830986,8,2.2535211267605635,1,0.28169014084507044,87,24.507042253521128,10,2.8169014084507045,0,0.0,69,19.43661971830986,97,27.323943661971832,42,11.830985915492958
app,202404,303,17,5.6105610561056105,17,5.6105610561056105,6,1.9801980198019802,0,0.0,80,26.4026402640264,8,2.6402640264026402,0,0.0,56,18.48184818481848,89,29.372937293729372,30,9.900990099009901
app,202405,246,13,5.284552845528456,21,8.536585365853659,5,2.0325203252032518,0,0.0,63,25.609756097560975,10,4.0650406504065035,0,0.0,38,15.447154471544716,68,27.64227642276423,28,11.38211382113821
app,202403,368,35,9.510869565217392,17,4.619565217391304,11,2.989130434782609,3,0.8152173913043478,84,22.82608695652174,12,3.260869565217391,0,0.0,54,14.673913043478262,91,24.728260869565215,61,16.57608695652174
app,202312,425,49,11.529411764705882,21,4.941176470588235,13,3.058823529411765,0,0.0,91,21.41176470588235,12,2.823529411764706,0,0.0,66,15.529411764705884,102,24.0,71,16.705882352941178
app,202311,373,41,10.991957104557642,16,4.289544235924933,13,3.485254691689008,1,0.2680965147453083,84,22.5201072386059,14,3.753351206434316,0,0.0,53,14.209115281501342,89,23.86058981233244,62,16.621983914209114
app,202402,348,37,10.632183908045976,15,4.310344827586207,12,3.4482758620689653,1,0.28735632183908044,71,20.402298850574713,13,3.7356321839080464,0,0.0,59,16.954022988505745,81,23.275862068965516,59,16.954022988505745
app,202401,377,24,6.36604774535809,22,5.835543766578249,7,1.8567639257294428,0,0.0,95,25.198938992042443,15,3.978779840848806,0,0.0,66,17.50663129973475,103,27.320954907161806,45,11.936339522546419
app,202309,285,21,7.368421052631578,17,5.964912280701754,13,4.56140350877193,1,0.3508771929824561,66,23.157894736842106,10,3.508771929824561,0,0.0,41,14.385964912280702,73,25.6140350877193,43,15.087719298245613
app,202310,427,38,8.899297423887589,17,3.9812646370023423,24,5.620608899297424,0,0.0,94,22.01405152224824,12,2.810304449648712,0,0.0,71,16.627634660421545,101,23.653395784543328,70,16.39344262295082
app,202307,187,16,8.55614973262032,9,4.81283422459893,7,3.7433155080213902,1,0.53475935828877,44,23.52941176470588,5,2.6737967914438503,0,0.0,31,16.577540106951872,46,24.598930481283425,28,14.973262032085561
case,202401,133,8,6.015037593984962,9,6.7669172932330826,1,0.7518796992481203,0,0.0,36,27.06766917293233,4,3.007518796992481,0,0.0,25,18.796992481203006,37,27.819548872180448,13,9.774436090225564
case,202406,146,16,10.95890410958904,5,3.4246575342465753,2,1.36986301369863,0,0.0,27,18.493150684931507,16,10.95890410958904,0,0.0,22,15.068493150684931,30,20.54794520547945,28,19.17808219178082
case,202311,95,7,7.368421052631578,3,3.1578947368421053,0,0.0,1,1.0526315789473684,18,18.947368421052634,13,13.684210526315791,0,0.0,13,13.684210526315791,21,22.105263157894736,19,20.0
case,202404,100,19,19.0,3,3.0,2,2.0,2,2.0,12,12.0,10,10.0,0,0.0,9,9.0,14,14.000000000000002,29,28.999999999999996
case,202402,142,14,9.859154929577464,13,9.15492957746479,4,2.8169014084507045,1,0.7042253521126761,30,21.12676056338028,7,4.929577464788732,0,0.0,17,11.971830985915492,31,21.830985915492956,25,17.6056338028169
case,202405,55,4,7.2727272727272725,0,0.0,1,1.8181818181818181,1,1.8181818181818181,13,23.636363636363637,5,9.090909090909092,0,0.0,7,12.727272727272727,14,25.454545454545453,10,18.181818181818183
case,202312,122,12,9.836065573770492,9,7.377049180327869,1,0.819672131147541,0,0.0,26,21.311475409836063,10,8.19672131147541,0,0.0,15,12.295081967213115,27,22.131147540983605,22,18.0327868852459
case,202307,70,3,4.285714285714286,5,7.142857142857142,2,2.857142857142857,0,0.0,12,17.142857142857142,14,20.0,0,0.0,3,4.285714285714286,12,17.142857142857142,19,27.142857142857142
case,202306,92,5,5.434782608695652,3,3.260869565217391,2,2.1739130434782608,0,0.0,20,21.73913043478261,6,6.521739130434782,0,0.0,20,21.73913043478261,23,25.0,13,14.130434782608695
case,202309,110,14,12.727272727272727,3,2.727272727272727,1,0.9090909090909091,0,0.0,22,20.0,13,11.818181818181818,0,0.0,16,14.545454545454545,22,20.0,19,17.272727272727273
case,202310,103,9,8.737864077669903,4,3.8834951456310676,2,1.9417475728155338,0,0.0,19,18.446601941747574,11,10.679611650485436,0,0.0,15,14.563106796116504,25,24.271844660194176,18,17.475728155339805
case,202407,94,7,7.446808510638298,6,6.382978723404255,4,4.25531914893617,0,0.0,20,21.27659574468085,7,7.446808510638298,0,0.0,11,11.702127659574469,22,23.404255319148938,17,18.085106382978726
case,202308,108,12,11.11111111111111,2,1.8518518518518516,0,0.0,0,0.0,22,20.37037037037037,9,8.333333333333332,0,0.0,20,18.51851851851852,26,24.074074074074073,17,15.74074074074074
case,202403,75,4,5.333333333333334,4,5.333333333333334,1,1.3333333333333335,0,0.0,15,20.0,7,9.333333333333334,0,0.0,13,17.333333333333336,19,25.333333333333336,12,16.0
price,202405,5663,155,2.7370651598092883,414,7.310612749426099,105,1.8541409147095178,18,0.3178527282359173,1611,28.447819177114603,159,2.80769909941727,0,0.0,1079,19.053505209253046,1699,30.001765848490198,423,7.469539113544058
price,202306,4391,159,3.6210430425871096,321,7.310407652015487,114,2.5962195399681165,17,0.38715554543384195,1200,27.32862673650649,139,3.1655659303120016,0,0.0,750,17.080391710316555,1279,29.127761329993167,412,9.382828512867228
price,202312,7395,206,2.7856659905341448,509,6.883029073698445,169,2.2853279242731577,40,0.5409060175794456,2092,28.289384719405003,205,2.7721433400946585,0,0.0,1367,18.485463150777555,2211,29.898580121703855,596,8.059499661933739
price,202311,7504,270,3.5980810234541574,524,6.982942430703624,191,2.545309168443497,45,0.599680170575693,2069,27.571961620469082,201,2.6785714285714284,0,0.0,1345,17.923773987206822,2179,29.037846481876333,680,9.061833688699359
price,202307,5118,141,2.7549824150058617,351,6.858147713950761,124,2.422821414615084,20,0.3907776475185619,1431,27.960140679953106,159,3.1066822977725677,0,0.0,949,18.542399374755764,1514,29.58186791715514,429,8.382180539273154
price,202407,6022,174,2.889405513118565,421,6.991032879442045,129,2.1421454666223845,24,0.39853869146462967,1695,28.146795084689476,180,2.9890401859847224,0,0.0,1118,18.565260710727333,1795,29.807372965792094,486,8.070408502158752
price,202310,7304,241,3.299561883899233,538,7.365826944140197,170,2.3274917853231107,43,0.5887185104052575,2022,27.683461117196057,225,3.080503833515882,0,0.0,1300,17.798466593647316,2129,29.14841182913472,636,8.707557502738226
price,202402,6677,178,2.6658679047476412,470,7.039089411412311,120,1.7972143178073985,29,0.43432679347012126,1919,28.740452298936646,176,2.6359143327841847,0,0.0,1271,19.035494982776697,2031,30.41785232889022,483,7.2337876291747785
price,202404,6388,155,2.4264245460237945,442,6.9192235441452725,125,1.9567939887288666,24,0.37570444583594237,1839,28.788353162179085,178,2.786474639949906,0,0.0,1223,19.14527238572323,1939,30.35378835316218,463,7.247964934251722
price,202403,5896,162,2.7476255088195387,427,7.242198100407056,98,1.662143826322931,40,0.6784260515603799,1698,28.799185888738126,145,2.459294436906377,0,0.0,1116,18.9280868385346,1779,30.172998643147896,431,7.310040705563094
price,202406,5939,170,2.8624347533254757,436,7.341303249705337,108,1.8184879609361846,34,0.5724869506650951,1675,28.203401246001008,163,2.744569792894427,0,0.0,1111,18.70685300555649,1787,30.089240612897793,455,7.661222428018184
price,202401,8131,248,3.050055343746157,594,7.305374492682327,166,2.0415693026687984,36,0.4427499692534744,2299,28.274504980937152,223,2.7425900873201328,0,0.0,1485,18.263436231705818,2427,29.848727093838395,653,8.030992497847743
price,202308,5238,148,2.8255059182894233,357,6.815578465063001,105,2.004581901489118,16,0.30546009927453227,1473,28.121420389461626,164,3.1309660175639555,0,0.0,995,18.995799923634976,1568,29.935089728904163,412,7.865597556319205
price,202309,6039,158,2.616327206491141,460,7.617155158138765,144,2.384500745156483,33,0.546448087431694,1693,28.03444278854115,173,2.8647127007782744,0,0.0,1086,17.983109786388475,1791,29.657228017883757,501,8.296075509190263
